architecture,architecture_id,noise_case,noise_std,noise_std_percent,model_type,mse_all_mean,mse_all_std,rmse_all_mean,rmse_all_std,mse_O2X_mean,mse_O2X_std,rmse_O2X_mean,rmse_O2X_std,mse_O2plus_mean,mse_O2plus_std,rmse_O2plus_mean,rmse_O2plus_std,mse_ne_mean,mse_ne_std,rmse_ne_mean,rmse_ne_std,phys_rmse_P_mean,phys_rmse_P_std,phys_rmse_I_mean,phys_rmse_I_std,phys_rmse_ne_mean,phys_rmse_ne_std,projection_failures_mean,projection_failures_std,resampled_impossible_values_mean,resampled_impossible_values_std,outside_domain_fraction_any_mean,outside_domain_fraction_any_std,outside_domain_fraction_P_mean,outside_domain_fraction_P_std,outside_domain_fraction_I_mean,outside_domain_fraction_I_std,outside_domain_fraction_R_mean,outside_domain_fraction_R_std,actual_abs_noise_mean_P_percent_mean,actual_abs_noise_mean_P_percent_std,actual_abs_noise_mean_I_percent_mean,actual_abs_noise_mean_I_percent_std,actual_abs_noise_mean_R_percent_mean,actual_abs_noise_mean_R_percent_std,n_valid_mean,n_valid_std
"[30, 30, 30]",30_30_30,I_only,0.005,0.5,NN,0.002920454717477784,3.211298002480983e-06,0.054041223882660305,2.9713402424672234e-05,0.0006106419679687153,2.7431106600897e-06,0.02471111184134638,5.543638541139635e-05,0.0037059122389107137,1.0548610337141197e-05,0.060876145605773334,8.666387214281778e-05,0.0039055827406912443,1.1287363228138021e-05,0.06249459967436207,9.033407277024742e-05,0.027525920406526405,2.4689855414032336e-05,0.2623675809303944,0.0001908122611323915,0.007480648458857599,3.130191813444491e-05,0.0,0.0,0.0,0.0,0.001,0.0015672078199387574,0.0,0.0,0.001,0.0015672078199387574,0.0,0.0,0.0,0.0,0.39968278070243507,0.012777413773855254,0.0,0.0,300.0,0.0
"[30, 30, 30]",30_30_30,I_only,0.005,0.5,NN_projection,0.0026781761770673885,2.7602006622912454e-06,0.051751091789192405,2.666939842101897e-05,0.00022835159467046354,1.9081543703280445e-06,0.015111181923848745,6.304163044338326e-05,0.001683904124104053,1.1871935644365627e-05,0.04103515883439961,0.0001445994090722434,0.0012978931374968638,1.1036778046452993e-05,0.03602597478011226,0.00015313784495275218,2.4320174162918395e-06,2.6313357966251263e-09,1.2884969504934814e-09,6.743484856941098e-11,0.007870009145040735,4.1009107530957635e-05,0.0,0.0,0.0,0.0,0.001,0.0015672078199387574,0.0,0.0,0.001,0.0015672078199387574,0.0,0.0,0.0,0.0,0.39968278070243507,0.012777413773855254,0.0,0.0,300.0,0.0
"[30, 30, 30]",30_30_30,I_only,0.01,1.0,NN,0.0029243622454701535,6.411511476756042e-06,0.05407734189335491,5.928716338572626e-05,0.0006134266733194553,5.60494981051941e-06,0.02476720760874102,0.00011286034675586315,0.003708589148070723,2.1126124523962133e-05,0.06089795181828898,0.00017354631742572837,0.0039089058360844186,2.2537267045595165e-05,0.0625209959862872,0.00018034168469901942,0.02752237462901345,4.951478849109695e-05,0.2623786083388583,0.0003823856953089709,0.007474431924254042,6.257252128826726e-05,0.0,0.0,0.0,0.0,0.002666666666666667,0.0031715106072916963,0.0,0.0,0.002666666666666667,0.0031715106072916963,0.0,0.0,0.0,0.0,0.7993655614048701,0.025554827547710508,0.0,0.0,300.0,0.0
"[30, 30, 30]",30_30_30,I_only,0.01,1.0,NN_projection,0.002682263787924212,5.533483231971459e-06,0.05179055006726978,5.3426327377076734e-05,0.00023162295896292004,3.86734401147495e-06,0.015218663689262432,0.00012663447624525643,0.0016862882757590532,2.380913521486144e-05,0.04106346978140518,0.0002896917975261163,0.001301637247335326,2.208979015919402e-05,0.036076977410621235,0.00030598976393490926,2.4327632086046953e-06,5.244634859347429e-09,1.3544430898031373e-09,1.0248036631201216e-10,0.007861313629063293,8.198009358640974e-05,0.0,0.0,0.0,0.0,0.002666666666666667,0.0031715106072916963,0.0,0.0,0.002666666666666667,0.0031715106072916963,0.0,0.0,0.0,0.0,0.7993655614048701,0.025554827547710508,0.0,0.0,300.0,0.0
"[30, 30, 30]",30_30_30,I_only,0.02,2.0,NN,0.00294150718743017,1.2865606317275212e-05,0.05423554018600597,0.00011862440638720638,0.000626267851750226,1.175359354727718e-05,0.025024309324907273,0.00023349644781490829,0.003725132578720705,4.218072776670319e-05,0.06103293311816904,0.00034588363393036866,0.003926898205907696,4.46840154987221e-05,0.06266400239645191,0.0003569012323411762,0.0275180646199554,9.917991056724147e-05,0.26246515805381965,0.000778158617306381,0.007466897675869355,0.00012607208043683273,0.0,0.0,0.0,0.0,0.006333333333333334,0.003730700826248436,0.0,0.0,0.006333333333333334,0.003730700826248436,0.0,0.0,0.0,0.0,1.5987311228097403,0.051109655095421015,0.0,0.0,300.0,0.0
"[30, 30, 30]",30_30_30,I_only,0.02,2.0,NN_projection,0.0026998934709743464,1.1249120648524945e-05,0.051960392005300296,0.00010825714937619225,0.0002453233071726561,8.040257116845495e-06,0.01566083210808007,0.00025473382430844034,0.0017023613711756517,4.8004721272032467e-05,0.04125579536653178,0.0005810334264379812,0.0013213691966730517,4.437633671474079e-05,0.03634578133268405,0.0006098973078077318,2.4345339249563802e-06,1.0362861392028575e-08,1.3546085288378778e-09,1.2826729665487923e-10,0.007847670508038005,0.0001636092733831953,0.0,0.0,0.0,0.0,0.006333333333333334,0.003730700826248436,0.0,0.0,0.006333333333333334,0.003730700826248436,0.0,0.0,0.0,0.0,1.5987311228097403,0.051109655095421015,0.0,0.0,300.0,0.0
"[30, 30, 30]",30_30_30,I_only,0.05,5.0,NN,0.0030678376025234655,3.3158890541527514e-05,0.055387295865506316,0.000299225720700008,0.0007238470815125372,3.433163830860339e-05,0.026897449667519203,0.0006276798511883583,0.003862933990355662,0.00010629822536803976,0.06214690089220278,0.0008563692331961725,0.004070847294423403,0.00011059738995513058,0.06379758174824543,0.0008680634826080114,0.027510223270432725,0.0002385672099373399,0.26322717249213695,0.0020289161747047116,0.0074817046154095875,0.0003127336643904432,0.0,0.0,0.0,0.0,0.018833333333333334,0.007031674369909661,0.0,0.0,0.018833333333333334,0.007031674369909661,0.0,0.0,0.0,0.0,3.9968278070243506,0.12777413773855265,0.0,0.0,300.0,0.0
"[30, 30, 30]",30_30_30,I_only,0.05,5.0,NN_projection,0.002828739936773709,3.0439585793956384e-05,0.053185169222567774,0.00028600982783862045,0.0003446626632415038,2.3697078846568475e-05,0.01855507028242709,0.0006257879712346942,0.0018406314234539847,0.00012485029082668294,0.04287918922817739,0.0014533281543953683,0.0014781643876776746,0.00011495846749199807,0.0384193064842487,0.0014942968587761236,2.4423665049451356e-06,2.4961654984020483e-08,1.4000299465307596e-09,1.2669171673763587e-10,0.007832967652202745,0.000404686717431726,0.0,0.0,0.0,0.0,0.018833333333333334,0.007031674369909661,0.0,0.0,0.018833333333333334,0.007031674369909661,0.0,0.0,0.0,0.0,3.9968278070243506,0.12777413773855265,0.0,0.0,300.0,0.0
"[30, 30, 30]",30_30_30,I_only,0.1,10.0,NN,0.003535940051960657,7.689864639102413e-05,0.05946045042246576,0.0006447255786263216,0.0010973876729530512,9.232012294117781e-05,0.03310050897865881,0.0013549046603782138,0.004385946496466793,0.00022278743975837894,0.06620617127025784,0.0016825363686000995,0.004613181243585807,0.0002268441799895982,0.06790090551464292,0.0016696277168855938,0.027531582437895274,0.00045780853931965293,0.2661620946875918,0.004278419845569977,0.007627107801427049,0.0006182630639590741,0.0,0.0,0.0,0.0,0.0375,0.010137937550497033,0.0,0.0,0.0375,0.010137937550497033,0.0,0.0,0.0,0.0,7.993655614048701,0.2555482754771053,0.0,0.0,300.0,0.0
"[30, 30, 30]",30_30_30,I_only,0.1,10.0,NN_projection,0.0033046435850804723,7.646410148951557e-05,0.057482400348110044,0.0006627179284627054,0.0007145947129158754,6.941362242335023e-05,0.026703439475085976,0.0012653408595462363,0.002372031835306439,0.0002778688576097158,0.04862388762918344,0.0028560899165745827,0.0020650822829477297,0.0002594156397177388,0.045357579482759904,0.0028603029675465606,2.463769830449014e-06,4.6328662001172726e-08,1.3635575224691088e-09,1.3205765080056916e-10,0.007892117337732837,0.000805105011339776,0.0,0.0,0.0,0.0,0.0375,0.010137937550497033,0.0,0.0,0.0375,0.010137937550497033,0.0,0.0,0.0,0.0,7.993655614048701,0.2555482754771053,0.0,0.0,300.0,0.0
"[30, 30, 30]",30_30_30,P_I_R,0.005,0.5,NN,0.0029342479023672036,9.144016830878506e-06,0.05416863610684567,8.438440451985828e-05,0.0006299320894319187,1.0748705762294822e-05,0.025097576697719254,0.00021455789065034117,0.0037198012225133073,3.389151238206792e-05,0.0609895724986515,0.0002777142511738025,0.003917224725959213,3.401831348642534e-05,0.06258717608280526,0.00027167306036717214,0.02752675000152748,0.00010002778860893997,0.26274917720250796,0.0009713770043964721,0.007509056735705869,4.801486646034122e-05,0.0,0.0,0.0,0.0,0.0075,0.006105792475542053,0.003,0.002840805420755968,0.0001666666666666667,0.00074535599249993,0.004333333333333333,0.004060939308851518,0.39968278070243507,0.012777413773855254,0.39667287051054395,0.019435706768713267,0.4005584882920882,0.0189222755896494,300.0,0.0
"[30, 30, 30]",30_30_30,P_I_R,0.005,0.5,NN_projection,0.002692100865849323,7.52856652845978e-06,0.051885410944894426,7.252534041832119e-05,0.00024724616975539443,1.0603704666656638e-05,0.015720625898835987,0.00033731307375786863,0.0017077890443287246,2.850935887610805e-05,0.041324042100026194,0.00034425945537949656,0.0013180150783851851,2.9293240133480892e-05,0.03630235204335729,0.000403033896103219,2.4304795452052366e-06,5.696601918114281e-09,1.2809439817694172e-09,9.92704036008927e-11,0.007907096719911556,6.65809019132664e-05,0.0,0.0,0.0,0.0,0.0075,0.006105792475542053,0.003,0.002840805420755968,0.0001666666666666667,0.00074535599249993,0.004333333333333333,0.004060939308851518,0.39968278070243507,0.012777413773855254,0.39667287051054395,0.019435706768713267,0.4005584882920882,0.0189222755896494,300.0,0.0
"[30, 30, 30]",30_30_30,P_I_R,0.01,1.0,NN,0.0029669866192723023,1.8880832379401834e-05,0.05446979076041547,0.00017324697569945325,0.0006801461137524802,2.2116711019703035e-05,0.026076315178940657,0.0004253796335771414,0.0037492825485681176,6.990341917911798e-05,0.06122886311863107,0.0005701982739710678,0.0039446469406719965,7.012863370129103e-05,0.06280407080368278,0.0005578446850406844,0.027546661883761075,0.0002017913466862504,0.2633742686832946,0.001976854917247376,0.007533815152668396,9.821196002434864e-05,0.0,0.0,0.0,0.0,0.01566666666666667,0.0046010423431299624,0.005,0.002961744388795462,0.0021666666666666666,0.002483866067901982,0.0085,0.00411458680324082,0.7993655614048701,0.025554827547710508,0.7933457410210879,0.038871413537426534,0.8011169765841764,0.0378445511792988,300.0,0.0
"[30, 30, 30]",30_30_30,P_I_R,0.01,1.0,NN_projection,0.0027255654393083203,1.5584899036168935e-05,0.0522067457429348,0.0001491669530171136,0.00030075064067768985,2.2291537812874466e-05,0.017330821619513805,0.0006433977817500063,0.0017475767672569319,5.931522710359712e-05,0.04179835509359601,0.0007065697168928678,0.0013545572265687058,6.065412060155633e-05,0.036795582387130134,0.0008222839569885155,2.430242312215114e-06,1.1360195117670699e-08,1.309341902321113e-09,1.0892709178141957e-10,0.0079386157575265,0.00013522428899935746,0.0,0.0,0.0,0.0,0.01566666666666667,0.0046010423431299624,0.005,0.002961744388795462,0.0021666666666666666,0.002483866067901982,0.0085,0.00411458680324082,0.7993655614048701,0.025554827547710508,0.7933457410210879,0.038871413537426534,0.8011169765841764,0.0378445511792988,300.0,0.0
"[30, 30, 30]",30_30_30,P_I_R,0.02,2.0,NN,0.0030871153184788254,4.05461612368252e-05,0.0555606781303168,0.00036471211164481877,0.000872369508418604,4.805715455162331e-05,0.029525162660136512,0.0008171054889602944,0.003859002432904885,0.0001485133469363229,0.062109999598193036,0.0011922481273656717,0.0040488166202156915,0.00014901302541782817,0.06362011892252968,0.0011684846231773166,0.027647066901068874,0.00040705102549208735,0.265423272708561,0.0041403582102865055,0.00759727498984817,0.00020570430771686126,0.0,0.0,0.0,0.0,0.024666666666666667,0.005962847939999439,0.006333333333333334,0.00322635347182329,0.005666666666666667,0.0036031175584972075,0.013000000000000001,0.005913608055486779,1.5987311228097403,0.051109655095421015,1.5866914820421758,0.07774282707485307,1.6022339531683527,0.0756891023585976,300.0,0.0
"[30, 30, 30]",30_30_30,P_I_R,0.02,2.0,NN_projection,0.0028485080309279946,3.385071389651139e-05,0.053370522446072974,0.0003168342771442849,0.0005090930440379773,5.010158312875984e-05,0.022536900251011308,0.0011150506780759784,0.0018795467707861582,0.00012860056529503692,0.04333002967028683,0.0014708749842119464,0.0014784634691713758,0.00013041546570335158,0.03841556459786302,0.00168830834013122,2.431667039135831e-06,2.258570838885462e-08,1.3619810085461577e-09,1.4575161499758814e-10,0.008016188793732986,0.00028004095830141615,0.0,0.0,0.0,0.0,0.024666666666666667,0.005962847939999439,0.006333333333333334,0.00322635347182329,0.005666666666666667,0.0036031175584972075,0.013000000000000001,0.005913608055486779,1.5987311228097403,0.051109655095421015,1.5866914820421758,0.07774282707485307,1.6022339531683527,0.0756891023585976,300.0,0.0
"[30, 30, 30]",30_30_30,P_I_R,0.05,5.0,NN,0.003889276886996374,0.00013025749329138446,0.06235573519497284,0.0010458817940652465,0.0021841048988200263,0.00016836322116856834,0.046700585713069495,0.0018238746714433058,0.00459817518630461,0.00044031020697579367,0.06773707642537466,0.0032222358448040175,0.004760097885253539,0.000442748763338054,0.0689235213496605,0.0031864994844918526,0.02842080472295607,0.001053150900261518,0.2787087664286453,0.01233303216945094,0.00790034637776052,0.0006032352910201883,0.0,0.0,0.0,0.0,0.06466666666666668,0.01432292563795572,0.016833333333333332,0.0067082039324993705,0.017,0.007246697170645461,0.03166666666666666,0.011055415967851335,3.9968278070243506,0.12777413773855265,3.96672870510544,0.19435706768713298,4.005584882920882,0.18922275589649407,300.0,0.0
"[30, 30, 30]",30_30_30,P_I_R,0.05,5.0,NN_projection,0.0036714114048493006,0.00011538731950523322,0.0605850580929404,0.0009526366316356563,0.0019472106946935518,0.00018143759560559935,0.04408022053218771,0.0020887801847639382,0.002708777776779631,0.00041100909997360133,0.05190858591031979,0.0038765809095102806,0.002271094548686154,0.0004101494460006355,0.04747535825875817,0.004253160668530286,2.4514643033827928e-06,5.4820552860758866e-08,1.3799561646965273e-09,2.1569137130169123e-10,0.008363599067043034,0.0007839008296495388,0.0,0.0,0.0,0.0,0.06466666666666668,0.01432292563795572,0.016833333333333332,0.0067082039324993705,0.017,0.007246697170645461,0.03166666666666666,0.011055415967851335,3.9968278070243506,0.12777413773855265,3.96672870510544,0.19435706768713298,4.005584882920882,0.18922275589649407,300.0,0.0
"[30, 30, 30]",30_30_30,P_I_R,0.1,10.0,NN,0.0067635952355931655,0.00041191240559315087,0.0822044427498301,0.0025183176888909473,0.00682379958896194,0.0005628076158626123,0.08253595178109707,0.0034968034350727224,0.007298544875657839,0.0011687206074577434,0.08517616493456667,0.006771908127064708,0.007381873205453001,0.001179901692175186,0.0856623130119817,0.00679328886245142,0.03145450796613779,0.0023078112083879587,0.33002166324663246,0.034523139744160956,0.008866023800687373,0.001627222287725011,0.0,0.0,0.0,0.0,0.121,0.017205330331407927,0.0315,0.009395469855263737,0.034333333333333334,0.00859076071082435,0.059,0.013027187046295961,7.993655614048701,0.2555482754771053,7.93345741021088,0.38871413537426597,8.011169765841764,0.37844551179298813,300.0,0.0
"[30, 30, 30]",30_30_30,P_I_R,0.1,10.0,NN_projection,0.006637349950253324,0.00039331616936841236,0.08143572351928438,0.0024220228918031147,0.007079049171318595,0.0005941215788942037,0.084062965118247,0.0036225996549414906,0.005729343430208666,0.0012245513134980803,0.07529742826496374,0.007923364974375634,0.005193435141164667,0.0012142357196728902,0.07161048808231364,0.008295410130876995,2.542742581769877e-06,1.0539154817569697e-07,1.350888197011036e-09,1.8942414352597375e-10,0.009394413494271468,0.001944800755956453,0.0,0.0,0.0,0.0,0.121,0.017205330331407927,0.0315,0.009395469855263737,0.034333333333333334,0.00859076071082435,0.059,0.013027187046295961,7.993655614048701,0.2555482754771053,7.93345741021088,0.38871413537426597,8.011169765841764,0.37844551179298813,300.0,0.0
"[30, 30, 30]",30_30_30,P_only,0.005,0.5,NN,0.0029245765936252123,5.138014493040715e-06,0.054079334778019406,4.750171312967129e-05,0.0006276019556959091,1.1391492405171802e-05,0.02505100326177102,0.0002275528270575345,0.003705888072795093,6.902170159649462e-06,0.06087598062776835,5.67116684002582e-05,0.0039049534668940795,7.444171707525837e-06,0.062489599888475245,5.9583398902924935e-05,0.02752442949139373,8.228131263027907e-05,0.26236572163298083,0.00011138913269183589,0.007490305427493578,4.844999774517315e-06,0.0,0.0,0.0,0.0,0.003,0.002840805420755968,0.003,0.002840805420755968,0.0,0.0,0.0,0.0,0.39968278070243507,0.012777413773855254,0.0,0.0,0.0,0.0,300.0,0.0
"[30, 30, 30]",30_30_30,P_only,0.005,0.5,NN_projection,0.002682225150681001,5.128492364861269e-06,0.05179018074991866,4.950886954622901e-05,0.00024530091559830523,1.0039191162081439e-05,0.01565898241595411,0.00031984419750753985,0.0016848956703576761,1.8723029887584946e-06,0.041047474659583735,2.2813396511613606e-05,0.001297837162479391,1.984427014537005e-06,0.03602549709693921,2.7556598509207576e-05,2.43143799772682e-06,9.373569343646693e-10,1.2771335119758345e-09,7.561955999535166e-11,0.007881771846196737,8.697066066030718e-06,0.0,0.0,0.0,0.0,0.003,0.002840805420755968,0.003,0.002840805420755968,0.0,0.0,0.0,0.0,0.39968278070243507,0.012777413773855254,0.0,0.0,0.0,0.0,300.0,0.0
"[30, 30, 30]",30_30_30,P_only,0.01,1.0,NN,0.002935183680035628,1.0288476530432934e-05,0.05417725646107735,9.493702223010734e-05,0.0006717526788272484,2.337061997385182e-05,0.025914461106938336,0.0004511789984717065,0.003705384357208722,1.380577325710997e-05,0.06087176786099165,0.00011348399499919968,0.0039043600598370693,1.4912583775786616e-05,0.06248477025827315,0.00011940910611504101,0.027537258644709694,0.00016651814800860856,0.26236779309990765,0.00022512288789707392,0.007492372553313584,9.566267175576823e-06,0.0,0.0,0.0,0.0,0.005,0.002961744388795462,0.005,0.002961744388795462,0.0,0.0,0.0,0.0,0.7993655614048701,0.025554827547710508,0.0,0.0,0.0,0.0,300.0,0.0
"[30, 30, 30]",30_30_30,P_only,0.01,1.0,NN_projection,0.002693116498921679,1.0277311614206349e-05,0.05189515572373056,9.900202780896116e-05,0.00029331141711442024,2.0794529496780224e-05,0.01711619906215092,0.0006044978596838577,0.0016847784437416069,3.7380537766211173e-06,0.041046028695670464,4.556147731064774e-05,0.0012976240642058902,3.961992880870094e-06,0.036022509423455855,5.505062669117728e-05,2.431453291453828e-06,1.882719811179173e-09,1.299592322267094e-09,8.801417076392446e-11,0.007883768336167747,1.7377820541201666e-05,0.0,0.0,0.0,0.0,0.005,0.002961744388795462,0.005,0.002961744388795462,0.0,0.0,0.0,0.0,0.7993655614048701,0.025554827547710508,0.0,0.0,0.0,0.0,300.0,0.0
"[30, 30, 30]",30_30_30,P_only,0.02,2.0,NN,0.002973307434032007,2.066974748006535e-05,0.05452772999652614,0.00018944644556356994,0.0008406684215610588,5.0070661044500104e-05,0.028982090753026345,0.0008625770106905997,0.0037058586135725715,2.76066486919478e-05,0.06087536145659176,0.000227066189918352,0.003904170085466432,2.976937634884326e-05,0.062482925965588035,0.00023852230454386654,0.027617563232979276,0.0003391855938405619,0.26240260452643616,0.00043963447693702026,0.007497654592981834,1.9335484223021398e-05,0.0,0.0,0.0,0.0,0.006333333333333334,0.00322635347182329,0.006333333333333334,0.00322635347182329,0.0,0.0,0.0,0.0,1.5987311228097403,0.051109655095421015,0.0,0.0,0.0,0.0,300.0,0.0
"[30, 30, 30]",30_30_30,P_only,0.02,2.0,NN_projection,0.002732483955258761,2.067318903876795e-05,0.05227281173422469,0.00019764044190346032,0.0004798530521183555,4.5528249910511287e-05,0.021882402554224717,0.0010328858770276713,0.0016852740015704214,7.457429656341038e-06,0.041051993214333296,9.092912656025117e-05,0.0012976678911379258,7.903522079380914e-06,0.03602299838561762,0.00010992077393806465,2.4313918452928334e-06,3.733146160282306e-09,1.3237496772895886e-09,1.1738883568279895e-10,0.007888560665920643,3.4713011492289614e-05,0.0,0.0,0.0,0.0,0.006333333333333334,0.00322635347182329,0.006333333333333334,0.00322635347182329,0.0,0.0,0.0,0.0,1.5987311228097403,0.051109655095421015,0.0,0.0,0.0,0.0,300.0,0.0
"[30, 30, 30]",30_30_30,P_only,0.05,5.0,NN,0.0032242049785463018,5.369412429513331e-05,0.0567802200646688,0.00047193660823699723,0.00199257038377788,0.000163454907342719,0.044602555481206646,0.0018302799106501828,0.003720024619496029,6.92642595243644e-05,0.06098947769717746,0.0005696071790660306,0.003912646988585359,7.424101949994728e-05,0.06254846548954812,0.0005951147506922591,0.028301981009857043,0.0008958174787672671,0.26269840744897766,0.0010443693936843708,0.007525902922249269,4.87933291531014e-05,0.0,0.0,0.0,0.0,0.016833333333333332,0.0067082039324993705,0.016833333333333332,0.0067082039324993705,0.0,0.0,0.0,0.0,3.9968278070243506,0.12777413773855265,0.0,0.0,0.0,0.0,300.0,0.0
"[30, 30, 30]",30_30_30,P_only,0.05,5.0,NN_projection,0.0029926463019057372,5.397164200903924e-05,0.0547029803119462,0.0004923059559638335,0.0017646936794508815,0.00015816564139597457,0.04196803525328348,0.0018855953771564646,0.0016934139376013975,1.8608891896441564e-05,0.04115051815538249,0.00022663010654711905,0.0013022870554550625,1.9722292795356918e-05,0.03608622272578377,0.00027450403158748557,2.430451439487494e-06,9.649134836481278e-09,1.2640280587728874e-09,1.3662192361876147e-10,0.007909612959445946,8.664709208997501e-05,0.0,0.0,0.0,0.0,0.016833333333333332,0.0067082039324993705,0.016833333333333332,0.0067082039324993705,0.0,0.0,0.0,0.0,3.9968278070243506,0.12777413773855265,0.0,0.0,0.0,0.0,300.0,0.0
"[30, 30, 30]",30_30_30,P_only,0.1,10.0,NN,0.004104247970427619,0.0001232851381035295,0.06405757184633185,0.0009599668742374635,0.006049462738498086,0.0005039320691914806,0.07771309402979754,0.003266698770436554,0.0037923398951308558,0.00013176764468801348,0.0615730546965092,0.0010754829865017156,0.00396190655393012,0.00014287111969757722,0.06293386600513055,0.0011402047731107522,0.031016380299623152,0.002055647253991127,0.2640268377549555,0.002003998699818684,0.007625949953546927,0.00010305841757528537,0.0,0.0,0.0,0.0,0.0315,0.009395469855263737,0.0315,0.009395469855263737,0.0,0.0,0.0,0.0,7.993655614048701,0.2555482754771053,0.0,0.0,0.0,0.0,300.0,0.0
"[30, 30, 30]",30_30_30,P_only,0.1,10.0,NN_projection,0.0039073803122961805,0.0001248268760699987,0.06250150334036322,0.0009959879996883718,0.006326364478797997,0.0005080089540578926,0.07947627148886388,0.0032260043766731933,0.0017320491458829245,3.7386140694399555e-05,0.041615580504736176,0.000450269085333515,0.0013273108225687574,3.9275017913249124e-05,0.036428440353934374,0.0005424660538521382,2.4265840263446137e-06,1.908897500414392e-08,1.3451492582417342e-09,1.5053497143366833e-10,0.007968147551225251,0.00017817342055335457,0.0,0.0,0.0,0.0,0.0315,0.009395469855263737,0.0315,0.009395469855263737,0.0,0.0,0.0,0.0,7.993655614048701,0.2555482754771053,0.0,0.0,0.0,0.0,300.0,0.0
"[30, 30, 30]",30_30_30,R_only,0.005,0.5,NN,0.0029260504687040703,4.8824508324952e-06,0.054092961960768536,4.513156111197414e-05,0.0006119671783970935,2.2595597852156487e-06,0.024737930353879004,4.565550321651504e-05,0.0037173686273593827,1.8080366952153616e-05,0.06097005613870843,0.00014825938197027535,0.003915754631263707,1.8159576812931186e-05,0.06257583104764523,0.00014509510589304992,0.027539294442446648,2.0874843436571785e-05,0.26243433257496,0.0008827482964559168,0.007501997397532793,4.23554673906967e-05,0.0,0.0,0.0,0.0,0.005,0.003973597071195131,0.0,0.0,0.0,0.0,0.005,0.003973597071195131,0.0,0.0,0.0,0.0,0.39968278070243507,0.012777413773855254,300.0,0.0
"[30, 30, 30]",30_30_30,R_only,0.005,0.5,NN_projection,0.0026835859391022656,4.359659974740831e-06,0.05180332283971728,4.2075950013625255e-05,0.00022809624473677263,9.984418702535609e-07,0.015102821176203377,3.304313600994687e-05,0.00169826175551222,2.3080786110011016e-05,0.0412090656931361,0.0002803385378502492,0.0013091704694831183,2.0898396784245124e-05,0.03618136383843519,0.000289064323369086,2.4307875124169326e-06,3.967075494692361e-09,1.2464885055273981e-09,7.470993644347179e-11,0.007897879125485419,5.792802283888087e-05,0.0,0.0,0.0,0.0,0.005,0.003973597071195131,0.0,0.0,0.0,0.0,0.005,0.003973597071195131,0.0,0.0,0.0,0.0,0.39968278070243507,0.012777413773855254,300.0,0.0
"[30, 30, 30]",30_30_30,R_only,0.01,1.0,NN,0.0029420344208231663,9.848661396419072e-06,0.05424045160406139,9.078958113817961e-05,0.0006148085714752804,4.4528929319573565e-06,0.024795179411319708,8.973314676882317e-05,0.003740751658692195,3.635594126414932e-05,0.061160998776675725,0.0002971572889645814,0.003938096028947113,3.666772710383201e-05,0.06275360513836079,0.00029212665928359124,0.02755062830542389,4.144107173251029e-05,0.2627366374752938,0.0017582831989022521,0.0075188257167143595,8.500395556702286e-05,0.0,0.0,0.0,0.0,0.007833333333333335,0.004086062460700833,0.0,0.0,0.0,0.0,0.007833333333333335,0.004086062460700833,0.0,0.0,0.0,0.0,0.7993655614048701,0.025554827547710508,300.0,0.0
"[30, 30, 30]",30_30_30,R_only,0.01,1.0,NN_projection,0.0026997757338530835,8.825122260006817e-06,0.05195930027151894,8.490953213669907e-05,0.0002297994913392447,2.006882953807966e-06,0.015159001796979526,6.614066681362316e-05,0.0017252294393926126,4.63415859054358e-05,0.04153230621816638,0.0005591154603204026,0.0013333458657974434,4.2126697439496546e-05,0.03651066201768692,0.0005780409998911145,2.4307995823775015e-06,7.91546232330021e-09,1.2728375058681042e-09,8.368384991163835e-11,0.00791997647484214,0.0001157618754364565,0.0,0.0,0.0,0.0,0.007833333333333335,0.004086062460700833,0.0,0.0,0.0,0.0,0.007833333333333335,0.004086062460700833,0.0,0.0,0.0,0.0,0.7993655614048701,0.025554827547710508,300.0,0.0
"[30, 30, 30]",30_30_30,R_only,0.02,2.0,NN,0.0030027017834953337,2.0360197081960907e-05,0.05479661486078764,0.00018576525605758335,0.0006239585796503786,8.637781126072579e-06,0.02497859605912717,0.00017265287759602414,0.0038263771484856727,7.408137658675584e-05,0.061854965858202826,0.0005985483898441039,0.004020472531978741,7.517291373680277e-05,0.0634045651682403,0.0005926282273948478,0.027581205787584967,8.216322985843505e-05,0.2640853945210802,0.003517792631473184,0.00756401766967086,0.0001722648782063246,0.0,0.0,0.0,0.0,0.012333333333333333,0.005197840307247725,0.0,0.0,0.0,0.0,0.012333333333333333,0.005197840307247725,0.0,0.0,0.0,0.0,1.5987311228097403,0.051109655095421015,300.0,0.0
"[30, 30, 30]",30_30_30,R_only,0.02,2.0,NN_projection,0.0027616509984109442,1.839105418699166e-05,0.052551136359522486,0.0001749157205100007,0.00023635743174795512,4.0591632700892315e-06,0.015373384050630054,0.00013176765751470124,0.0018213445994679927,9.391352636034166e-05,0.04266360802256876,0.0011055600936316708,0.0014216329674964392,8.600154868754099e-05,0.03768800586819728,0.0011457845738395399,2.432598959546003e-06,1.5745806725047866e-08,1.283821276382059e-09,1.0555719541518068e-10,0.00797775267568135,0.0002329991814394551,0.0,0.0,0.0,0.0,0.012333333333333333,0.005197840307247725,0.0,0.0,0.0,0.0,0.012333333333333333,0.005197840307247725,0.0,0.0,0.0,0.0,1.5987311228097403,0.051109655095421015,300.0,0.0
"[30, 30, 30]",30_30_30,R_only,0.05,5.0,NN,0.0034162881310977585,6.098740151414538e-05,0.05844681415527323,0.0005211790244101255,0.0006796032864982997,1.9872374151095613e-05,0.026066574452942925,0.00037972675422808135,0.004395887854728337,0.00020713720110211058,0.06628406177631502,0.0015596926694539084,0.004570444092168606,0.00021219476442392734,0.06758780146135937,0.0015671582691286112,0.027726473658409127,0.0002037928383740369,0.27445010114164897,0.009491916893276397,0.007798193577214315,0.0004576271346503187,0.0,0.0,0.0,0.0,0.03133333333333334,0.008611158271895004,0.0,0.0,0.0,0.0,0.03133333333333334,0.008611158271895004,0.0,0.0,0.0,0.0,3.9968278070243506,0.12777413773855265,300.0,0.0
"[30, 30, 30]",30_30_30,R_only,0.05,5.0,NN_projection,0.003186649917759648,5.6200439849166676e-05,0.05644833958722536,0.0004972298048968095,0.0002814011911013034,1.0965659471697605e-05,0.016772016292665247,0.0003255126804464721,0.0024583204407340664,0.00025433041189755343,0.04951709829491639,0.002590959421091218,0.002017593493574491,0.00023727797146667036,0.04484221864306603,0.002669303229003924,2.4523466118521135e-06,3.8989475681090764e-08,1.3176684092773182e-09,1.5657286283617185e-10,0.008267613837093636,0.0006013798353795757,0.0,0.0,0.0,0.0,0.03133333333333334,0.008611158271895004,0.0,0.0,0.0,0.0,0.03133333333333334,0.008611158271895004,0.0,0.0,0.0,0.0,3.9968278070243506,0.12777413773855265,300.0,0.0
"[30, 30, 30]",30_30_30,R_only,0.1,10.0,NN,0.004924936832040332,0.0001936612617907075,0.07016507170716559,0.0013763201771943801,0.0008704681855831641,3.677214763041841e-05,0.0294975188062494,0.0006194818362122848,0.006475691155581808,0.0005668773314923594,0.08039896049241593,0.0035091320445448317,0.0065822951332988365,0.0005778877767004773,0.0810576893060623,0.0035461079718636336,0.02811132063673648,0.0004055590772447757,0.31593884006597656,0.023843313522385202,0.008538699304777797,0.0010573667783443346,0.0,0.0,0.0,0.0,0.05466666666666666,0.0105075856753655,0.0,0.0,0.0,0.0,0.05466666666666666,0.0105075856753655,0.0,0.0,0.0,0.0,7.993655614048701,0.2555482754771053,300.0,0.0
"[30, 30, 30]",30_30_30,R_only,0.1,10.0,NN_projection,0.004756286870977209,0.0001803665917253984,0.06895410440446165,0.0013051947851450679,0.0004471614336517359,2.912344409295421e-05,0.021135513647700367,0.0006893906535999798,0.004859708945614312,0.0006749657970471527,0.06954942072042855,0.004876044888521841,0.004296360697307987,0.0006474791774225942,0.06536727698557764,0.0049714761970305835,2.5351244908004616e-06,8.08663800130588e-08,1.3163324732821958e-09,1.424897165176266e-10,0.009153378250389572,0.0013030089063896574,0.0,0.0,0.0,0.0,0.05466666666666666,0.0105075856753655,0.0,0.0,0.0,0.0,0.05466666666666666,0.0105075856753655,0.0,0.0,0.0,0.0,7.993655614048701,0.2555482754771053,300.0,0.0
"[30, 30, 30]",30_30_30,clean,0.0,0.0,NN,0.002919617802063064,,0.054033487783624184,,0.0006102833370663758,,0.024703913395783587,,0.0037069303070646196,,0.06088456542560372,,0.003905947332510647,,0.06249757861318026,,0.027530923073450175,,0.2623737493387563,,0.007488702658687286,,0.0,,0.0,,0.0,,0.0,,0.0,,0.0,,0.0,,0.0,,0.0,,300.0,
"[30, 30, 30]",30_30_30,clean,0.0,0.0,NN_projection,0.0026772052265870315,,0.051741716502132315,,0.0002274537178314436,,0.015081568812011687,,0.001685279530642913,,0.04105215622403911,,0.0012982278586746174,,0.036030929195270796,,2.4313788871020305e-06,,1.2362191817559892e-09,,0.007880061177749906,,0.0,,0.0,,0.0,,0.0,,0.0,,0.0,,0.0,,0.0,,0.0,,300.0,
"[30, 30]",30_30,I_only,0.005,0.5,NN,0.0027913493786941457,3.608857517230721e-06,0.05283321181216284,3.415607031195404e-05,0.000395028588265884,2.305737107423376e-06,0.019875245943396586,5.7919684695814097e-05,0.003961815903567086,1.3100662824030823e-05,0.0629428757804831,0.00010408523712796611,0.003838517011736179,1.442679402543388e-05,0.06195566262573897,0.00011643991805051644,0.017858899147109343,2.2467373107204797e-05,0.19068302155683986,0.0001498046698942696,0.009212507107126565,4.4749270836662276e-05,0.0,0.0,0.0,0.0,0.001,0.0015672078199387574,0.0,0.0,0.001,0.0015672078199387574,0.0,0.0,0.0,0.0,0.39968278070243507,0.012777413773855254,0.0,0.0,300.0,0.0
"[30, 30]",30_30,I_only,0.005,0.5,NN_projection,0.0025631272598434863,3.0513920131769107e-06,0.05062732855866346,3.0137520331991926e-05,0.00021947304562489186,1.7237877320542771e-06,0.014814514439351615,5.810653676768215e-05,0.0017481238469030133,1.3225893271039344e-05,0.04181028700308378,0.00015810596971685414,0.0013135049178305562,1.2236762251134209e-05,0.03624193516116371,0.00016875271401109324,2.412259447991329e-06,2.8720172115761525e-09,1.757864798507557e-09,8.891795434723459e-11,0.009993890271648124,5.509103208877977e-05,0.0,0.0,0.0,0.0,0.001,0.0015672078199387574,0.0,0.0,0.001,0.0015672078199387574,0.0,0.0,0.0,0.0,0.39968278070243507,0.012777413773855254,0.0,0.0,300.0,0.0
"[30, 30]",30_30,I_only,0.01,1.0,NN,0.0027954907649054084,7.1777524392671085e-06,0.05287235938066535,6.788866409970083e-05,0.00039830542910159145,4.723898313869198e-06,0.019957259511868913,0.00011797358093688321,0.003964472188571716,2.6119659681042534e-05,0.06296372995865376,0.00020748688086288613,0.0038428111627648955,2.8719808351568385e-05,0.06199000053286452,0.00023169103826682858,0.017853184853374667,4.5472742409330404e-05,0.19072365101216987,0.00030286500051604465,0.009202848563985072,8.919426886622862e-05,0.0,0.0,0.0,0.0,0.002666666666666667,0.0031715106072916963,0.0,0.0,0.002666666666666667,0.0031715106072916963,0.0,0.0,0.0,0.0,0.7993655614048701,0.025554827547710508,0.0,0.0,300.0,0.0
"[30, 30]",30_30,I_only,0.01,1.0,NN_projection,0.00256740825759041,6.091839191425269e-06,0.05066956506535621,6.0119863106022225e-05,0.00022290183000928788,3.4772171024233398e-06,0.014929468097850087,0.00011613206893952694,0.0017507155852353243,2.6493169885172928e-05,0.04184041706055192,0.00031636992737570254,0.00131757751980001,2.4457645931282948e-05,0.03629696761870745,0.0003366420659089682,2.41296926983969e-06,5.73228029724923e-09,1.7868804826655786e-09,1.2684034836796423e-10,0.009981685541100078,0.0001104740253373131,0.0,0.0,0.0,0.0,0.002666666666666667,0.0031715106072916963,0.0,0.0,0.002666666666666667,0.0031715106072916963,0.0,0.0,0.0,0.0,0.7993655614048701,0.025554827547710508,0.0,0.0,300.0,0.0
"[30, 30]",30_30,I_only,0.02,2.0,NN,0.0028136936639048234,1.4295531361091787e-05,0.053044098672703564,0.0001347899157193216,0.00041248779762154304,9.9563155615827e-06,0.02030841063002401,0.0002433436034450479,0.003981471023529368,5.2058448069047816e-05,0.06309761610978522,0.000412775957508416,0.0038646993509595514,5.708060347286481e-05,0.062165094694281275,0.0004592357617129102,0.017843879212768605,9.039731647209963e-05,0.19087711678352973,0.0006142896274309937,0.00918806978981485,0.00017828822244291795,0.0,0.0,0.0,0.0,0.006333333333333334,0.003730700826248436,0.0,0.0,0.006333333333333334,0.003730700826248436,0.0,0.0,0.0,0.0,1.5987311228097403,0.051109655095421015,0.0,0.0,300.0,0.0
"[30, 30]",30_30,I_only,0.02,2.0,NN_projection,0.0025859262431796874,1.225482484627382e-05,0.05085186766264378,0.00012051818230045422,0.00023725933268522748,7.168893407786208e-06,0.015401575908510271,0.0002312260676059745,0.0017677489836528987,5.330386461367012e-05,0.04204007786459198,0.0006331515092160745,0.0013386249702123693,4.9013587668227727e-05,0.03658141461300501,0.0006689151655698692,2.4149326115359904e-06,1.1442259553478035e-08,1.7679329767070971e-09,1.4720828674965986e-10,0.00996172563074276,0.00022190237703135943,0.0,0.0,0.0,0.0,0.006333333333333334,0.003730700826248436,0.0,0.0,0.006333333333333334,0.003730700826248436,0.0,0.0,0.0,0.0,1.5987311228097403,0.051109655095421015,0.0,0.0,300.0,0.0
"[30, 30]",30_30,I_only,0.05,5.0,NN,0.002948367100535154,3.670243512128933e-05,0.05429786870373911,0.0003380357605863248,0.0005166399472778886,2.974476210295388e-05,0.02272113886088865,0.0006405557965788662,0.004126212200858955,0.00013019352540966577,0.06422798376699629,0.001014786513932429,0.004036612272793892,0.0001409701608460393,0.06352512953484808,0.0011098555499486013,0.01782853465407883,0.0002138341497030776,0.19173463661898396,0.0016388895362075976,0.009178281472897076,0.0004443856498491544,0.0,0.0,0.0,0.0,0.018833333333333334,0.007031674369909661,0.0,0.0,0.018833333333333334,0.007031674369909661,0.0,0.0,0.0,0.0,3.9968278070243506,0.12777413773855265,0.0,0.0,300.0,0.0
"[30, 30]",30_30,I_only,0.05,5.0,NN_projection,0.0027218584723919053,3.287239294315713e-05,0.05217053004800658,0.00031500526636799107,0.00034103166164673165,2.1303382256560738e-05,0.018458780950947003,0.0005666777155980025,0.0019138681438980853,0.00013751745206499856,0.043721009230609245,0.0015699466149375605,0.0015051355723059948,0.00012580003059401695,0.03876397781462606,0.0016188352840930118,2.424886567050998e-06,2.8413390946728745e-08,1.8095966564523144e-09,1.8980973056583815e-10,0.009942698800397439,0.0005586694990766954,0.0,0.0,0.0,0.0,0.018833333333333334,0.007031674369909661,0.0,0.0,0.018833333333333334,0.007031674369909661,0.0,0.0,0.0,0.0,3.9968278070243506,0.12777413773855265,0.0,0.0,300.0,0.0
"[30, 30]",30_30,I_only,0.1,10.0,NN,0.003445742128313408,8.427932368550885e-05,0.0586962882404103,0.0007166259481474056,0.0009078625012190648,8.298947578294437e-05,0.03010278475376967,0.0013317385895205167,0.004677137472445281,0.0002706474071731286,0.06836229865145169,0.0019824481237013837,0.004674815111430255,0.00028937105619121744,0.06834151188243141,0.002115821366885618,0.0179047553261339,0.00040658598982021076,0.19477426835945674,0.003532680463291506,0.009267460204266335,0.0008839433089959636,0.0,0.0,0.0,0.0,0.0375,0.010137937550497033,0.0,0.0,0.0375,0.010137937550497033,0.0,0.0,0.0,0.0,7.993655614048701,0.2555482754771053,0.0,0.0,300.0,0.0
"[30, 30]",30_30,I_only,0.1,10.0,NN_projection,0.003222489454838954,8.157838843725335e-05,0.05676267788181014,0.0007166108279624356,0.0007258407356613962,6.423963553235535e-05,0.02691756975168811,0.0011631057898220589,0.0024728178310984674,0.00030322612746423207,0.049638217969867324,0.0030547887986963353,0.002125280332742566,0.0002810125789078093,0.046004614778230514,0.0030531695091771814,2.4553437467769466e-06,5.607722980034844e-08,1.8123972596623888e-09,1.5466582477480616e-10,0.010041072085319354,0.0011198887627010923,0.0,0.0,0.0,0.0,0.0375,0.010137937550497033,0.0,0.0,0.0375,0.010137937550497033,0.0,0.0,0.0,0.0,7.993655614048701,0.2555482754771053,0.0,0.0,300.0,0.0
"[30, 30]",30_30,P_I_R,0.005,0.5,NN,0.0028063886080877676,9.910786944497439e-06,0.05297528008092456,9.351856199162824e-05,0.00041407294394820603,1.0319393535791259e-05,0.020347277322758796,0.00025391564896880747,0.003979462261201602,3.585218789784532e-05,0.06308237223926613,0.00028390856249966635,0.0038538227357019306,3.636144077354901e-05,0.062078510134720724,0.0002925660614681393,0.017862212823720813,8.396413912813453e-05,0.19074710937332254,0.0005429109004012364,0.009260439894750703,7.352145121277098e-05,0.0,0.0,0.0,0.0,0.0075,0.006105792475542053,0.003,0.002840805420755968,0.0001666666666666667,0.00074535599249993,0.004333333333333333,0.004060939308851518,0.39968278070243507,0.012777413773855254,0.39667287051054395,0.019435706768713267,0.4005584882920882,0.0189222755896494,300.0,0.0
"[30, 30]",30_30,P_I_R,0.005,0.5,NN_projection,0.002578038166596789,8.047840977800024e-06,0.0507743262237336,7.922733889881863e-05,0.0002384158539343396,9.414495414229586e-06,0.015437869062388115,0.00030444556491994793,0.0017732206104125,2.9056561254387967e-05,0.04210828824342384,0.00034438598485153507,0.0013346168457224335,2.9672756864577196e-05,0.03653026764269877,0.0004057373732242462,2.4107444125773133e-06,5.8952776395308035e-09,1.8702322454812657e-09,8.967923976722608e-11,0.010049997280653849,9.505807849603443e-05,0.0,0.0,0.0,0.0,0.0075,0.006105792475542053,0.003,0.002840805420755968,0.0001666666666666667,0.00074535599249993,0.004333333333333333,0.004060939308851518,0.39968278070243507,0.012777413773855254,0.39667287051054395,0.019435706768713267,0.4005584882920882,0.0189222755896494,300.0,0.0
"[30, 30]",30_30,P_I_R,0.01,1.0,NN,0.002840798339240869,2.0425423789911805e-05,0.05329881321184208,0.00019152971471408803,0.0004656055250665517,2.1357458207368602e-05,0.021572475291018346,0.0004961269839091671,0.004012136554610213,7.367135564032121e-05,0.06333890210306134,0.0005804127288529408,0.0038853345018584505,7.477284537518261e-05,0.06232972164824548,0.0005985078908943915,0.017873830965267495,0.00016852615259567872,0.1909747419341043,0.0010936481994184744,0.009302325345347324,0.00014990465147442255,0.0,0.0,0.0,0.0,0.01566666666666667,0.0046010423431299624,0.005,0.002961744388795462,0.0021666666666666666,0.002483866067901982,0.0085,0.00411458680324082,0.7993655614048701,0.025554827547710508,0.7933457410210879,0.038871413537426534,0.8011169765841764,0.0378445511792988,300.0,0.0
"[30, 30]",30_30,P_I_R,0.01,1.0,NN_projection,0.0026128283353134166,1.6667092907625988e-05,0.051115585801811525,0.00016294477934586632,0.0002919538918357497,1.9845757730840882e-05,0.01707730456579142,0.0005799823980535215,0.0018143708410995924,6.0461465470031445e-05,0.042589856876281744,0.0007070564314774519,0.001372460603012453,6.146781558493435e-05,0.03703794436400909,0.0008279844271484257,2.4104775798137697e-06,1.1716647534773161e-08,1.916800906381534e-09,1.5864930722769538e-10,0.01009828395055984,0.00019251738792540248,0.0,0.0,0.0,0.0,0.01566666666666667,0.0046010423431299624,0.005,0.002961744388795462,0.0021666666666666666,0.002483866067901982,0.0085,0.00411458680324082,0.7993655614048701,0.025554827547710508,0.7933457410210879,0.038871413537426534,0.8011169765841764,0.0378445511792988,300.0,0.0
"[30, 30]",30_30,P_I_R,0.02,2.0,NN,0.002965471532168954,4.3697334842859323e-05,0.05445474061512612,0.0004009944326793483,0.0006643503258618073,4.7044351389748386e-05,0.02575946730124804,0.0009177605568592965,0.004126629847128733,0.00015577956972302384,0.06422807016097114,0.0012073679620967792,0.003997563616311867,0.0001583760585500008,0.06321461143431248,0.0012466871978240447,0.01794070667946764,0.0003361793194210896,0.19187231654192105,0.0022753099925713234,0.009402644661712594,0.0003134832334009024,0.0,0.0,0.0,0.0,0.024666666666666667,0.005962847939999439,0.006333333333333334,0.00322635347182329,0.005666666666666667,0.0036031175584972075,0.013000000000000001,0.005913608055486779,1.5987311228097403,0.051109655095421015,1.5866914820421758,0.07774282707485307,1.6022339531683527,0.0756891023585976,300.0,0.0
"[30, 30]",30_30,P_I_R,0.02,2.0,NN_projection,0.0027394236325955115,3.6205254168001746e-05,0.05233841959275413,0.00034559959844457084,0.0005001150855862049,4.5097012968583956e-05,0.02234151279142444,0.0010114563636672758,0.0019494197759692747,0.0001311640440740614,0.044128859384807415,0.0014738225863271327,0.0014995462254426585,0.00013230153911758532,0.0386884641585012,0.0017010728809618739,2.4122480634117477e-06,2.3174010656994253e-08,1.89829945062393e-09,1.6510835681914186e-10,0.010213044157418416,0.0003972808485107216,0.0,0.0,0.0,0.0,0.024666666666666667,0.005962847939999439,0.006333333333333334,0.00322635347182329,0.005666666666666667,0.0036031175584972075,0.013000000000000001,0.005913608055486779,1.5987311228097403,0.051109655095421015,1.5866914820421758,0.07774282707485307,1.6022339531683527,0.0756891023585976,300.0,0.0
"[30, 30]",30_30,P_I_R,0.05,5.0,NN,0.003791734247735284,0.00013804395646849354,0.061567339862148095,0.0011224550320540307,0.002028952365239809,0.0001704079925931349,0.04500462126705629,0.0019293931002789797,0.004873482051890287,0.00045995561226822067,0.06973799581338705,0.0032596402485225743,0.004737436548645667,0.0004684998516931772,0.06875086891814694,0.0033646101902074805,0.0184801266317445,0.0008535282443504905,0.19830469855107097,0.006643053994327254,0.00984604051899569,0.0009233578936750535,0.0,0.0,0.0,0.0,0.06466666666666668,0.01432292563795572,0.016833333333333332,0.0067082039324993705,0.017,0.007246697170645461,0.03166666666666666,0.011055415967851335,3.9968278070243506,0.12777413773855265,3.96672870510544,0.19435706768713298,4.005584882920882,0.18922275589649407,300.0,0.0
"[30, 30]",30_30,P_I_R,0.05,5.0,NN_projection,0.003581553409860014,0.00012159323288599268,0.059837877322390834,0.0010166236225960402,0.0019363540479239165,0.00017069491450433328,0.04396187066934036,0.001975634521950817,0.0027910359924349375,0.00041887301582244107,0.052693716719156146,0.003894423916084324,0.0023066650695987385,0.00041657369033317425,0.0478455570375803,0.004288017743775714,2.4360059386060413e-06,5.651605876463449e-08,1.779497682813393e-09,2.161647402322784e-10,0.010718655335186449,0.0011185447643218913,0.0,0.0,0.0,0.0,0.06466666666666668,0.01432292563795572,0.016833333333333332,0.0067082039324993705,0.017,0.007246697170645461,0.03166666666666666,0.011055415967851335,3.9968278070243506,0.12777413773855265,3.96672870510544,0.19435706768713298,4.005584882920882,0.18922275589649407,300.0,0.0
"[30, 30]",30_30,P_I_R,0.1,10.0,NN,0.006742825638224603,0.0004292649082569388,0.08207472103535518,0.0026289491983698546,0.006873052387968264,0.0005761157940660446,0.0828305563875673,0.0035764311076381364,0.007568667413248828,0.001206524458286235,0.08674168143411709,0.006847828332742363,0.007422468981504493,0.001236005832577208,0.0858780692675522,0.007065572601819168,0.02055871840171874,0.0018097791574506257,0.2244228340705882,0.01755134855063404,0.011097525895462805,0.002477466569645284,0.0,0.0,0.0,0.0,0.121,0.017205330331407927,0.0315,0.009395469855263737,0.034333333333333334,0.00859076071082435,0.059,0.013027187046295961,7.993655614048701,0.2555482754771053,7.93345741021088,0.38871413537426597,8.011169765841764,0.37844551179298813,300.0,0.0
"[30, 30]",30_30,P_I_R,0.1,10.0,NN_projection,0.006608205777069007,0.0004083593684448422,0.0812537250067338,0.002521058591166184,0.0070611660925601945,0.0005813635718725396,0.08395925430591106,0.0035555307480851076,0.005845562076340878,0.00124554061041498,0.0760594546734995,0.007981652058957877,0.005272171148068033,0.0012336260230671194,0.0721502342493777,0.008367534116292711,2.538997923198948e-06,1.1332322690903428e-07,1.7878393918265148e-09,1.7171810922486682e-10,0.01215758107550622,0.0028232475215705767,0.0,0.0,0.0,0.0,0.121,0.017205330331407927,0.0315,0.009395469855263737,0.034333333333333334,0.00859076071082435,0.059,0.013027187046295961,7.993655614048701,0.2555482754771053,7.93345741021088,0.38871413537426597,8.011169765841764,0.37844551179298813,300.0,0.0
"[30, 30]",30_30,P_only,0.005,0.5,NN,0.002795527459877818,5.2452201432197814e-06,0.052872725698491774,4.959934067553049e-05,0.0004113925228382296,1.0586218860397643e-05,0.02028121811347542,0.0002609994391323976,0.003962242389724398,7.457821037207221e-06,0.06294631882965489,5.925431213452144e-05,0.0038380377676873042,7.583596640263631e-06,0.061951870087716264,6.121852172182073e-05,0.017857250371454678,6.513626254146641e-05,0.19060331792998153,0.00015597039892378993,0.00922714198725529,7.751774579733122e-06,0.0,0.0,0.0,0.0,0.003,0.002840805420755968,0.003,0.002840805420755968,0.0,0.0,0.0,0.0,0.39968278070243507,0.012777413773855254,0.0,0.0,0.0,0.0,300.0,0.0
"[30, 30]",30_30,P_only,0.005,0.5,NN_projection,0.002567217148880796,5.202384545658594e-06,0.05066768837508721,5.133589950749414e-05,0.00023611113977425372,8.803659921405176e-06,0.015363389389657566,0.0002854474530148107,0.0017491576771633843,1.8978249554670854e-06,0.041822926582082504,2.2694147657047918e-05,0.0013134112055298928,2.133111211055702e-06,0.03624100415342425,2.9441849542332296e-05,2.411631814715786e-06,8.643702375257948e-10,1.792535342608748e-09,6.95581313645708e-11,0.010010521382473214,1.1067120723652626e-05,0.0,0.0,0.0,0.0,0.003,0.002840805420755968,0.003,0.002840805420755968,0.0,0.0,0.0,0.0,0.39968278070243507,0.012777413773855254,0.0,0.0,0.0,0.0,300.0,0.0
"[30, 30]",30_30,P_only,0.01,1.0,NN,0.0028064218300301574,1.0507272563202605e-05,0.05297558390301123,9.915519560963813e-05,0.0004565417842169779,2.177974080169628e-05,0.021361071595143007,0.000509286936135669,0.003961876173924345,1.4843988510810452e-05,0.06294333127737109,0.00011797248324499333,0.003837723203440666,1.5154322297251439e-05,0.061949245188516265,0.0001223627642045234,0.017862542604916022,0.00013054932036238065,0.19055367634034207,0.00031163318613933595,0.009231022158001034,1.5406848396298358e-05,0.0,0.0,0.0,0.0,0.005,0.002961744388795462,0.005,0.002961744388795462,0.0,0.0,0.0,0.0,0.7993655614048701,0.025554827547710508,0.0,0.0,0.0,0.0,300.0,0.0
"[30, 30]",30_30,P_only,0.01,1.0,NN_projection,0.0025782766511348643,1.0425472919645347e-05,0.05077663480082846,0.00010264624053498862,0.00028369142028860744,1.8266766814242563e-05,0.016834953761413272,0.0005387628515350881,0.0017490478471964767,3.788728018586888e-06,0.04182159605064757,4.5317278408366693e-05,0.001313221496172348,4.26243476095758e-06,0.036238352679278926,5.885990991903242e-05,2.4115338241033147e-06,1.7212664571782563e-09,1.8225463631413162e-09,1.0535277260458613e-10,0.010013686786723179,2.2109370536026505e-05,0.0,0.0,0.0,0.0,0.005,0.002961744388795462,0.005,0.002961744388795462,0.0,0.0,0.0,0.0,0.7993655614048701,0.025554827547710508,0.0,0.0,0.0,0.0,300.0,0.0
"[30, 30]",30_30,P_only,0.02,2.0,NN,0.002845834219606749,2.11453914351683e-05,0.053346011453053344,0.000198100605620347,0.000631280492503859,4.7126131039248573e-05,0.02510874661823319,0.0009354626017010497,0.003962178094411734,2.9482121950020384e-05,0.06294541997357879,0.00023440576947001616,0.00383780602799332,3.0257245564186104e-05,0.06194957045930184,0.00024440669582833957,0.017911342681270696,0.00026129341989454026,0.19050412667382716,0.0006174610396505278,0.009239860359169103,3.083780772245766e-05,0.0,0.0,0.0,0.0,0.006333333333333334,0.00322635347182329,0.006333333333333334,0.00322635347182329,0.0,0.0,0.0,0.0,1.5987311228097403,0.051109655095421015,0.0,0.0,0.0,0.0,300.0,0.0
"[30, 30]",30_30,P_only,0.02,2.0,NN_projection,0.0026184159864967734,2.099017839033185e-05,0.05117006993061572,0.00020501551332762646,0.0004689288911331695,4.037162980099891e-05,0.021635980617149022,0.0009252219463579701,0.0017495275393129284,7.5536979194188035e-06,0.04182726119950798,9.037850852438277e-05,0.0013132826835404294,8.521041132322986e-06,0.03623906054802881,0.0001177604022948259,2.4113293816632347e-06,3.495580698064549e-09,1.9281020181760195e-09,1.51416361074089e-10,0.010020949915478,4.412481344012652e-05,0.0,0.0,0.0,0.0,0.006333333333333334,0.00322635347182329,0.006333333333333334,0.00322635347182329,0.0,0.0,0.0,0.0,1.5987311228097403,0.051109655095421015,0.0,0.0,0.0,0.0,300.0,0.0
"[30, 30]",30_30,P_only,0.05,5.0,NN,0.0031057693431688843,5.513675371958503e-05,0.0557273510154062,0.0004938484474426459,0.001831860653954254,0.00015965575797394313,0.042761365091082894,0.0018711970560301913,0.003971706104143965,7.316727507533348e-05,0.06301892294451635,0.0005816990152059615,0.003843402097046326,7.491721192600611e-05,0.06199237025535228,0.0006053508505418888,0.01837532233269131,0.0006653120221218615,0.1907364430195934,0.0015030719594721683,0.00927384132370818,7.609154835232507e-05,0.0,0.0,0.0,0.0,0.016833333333333332,0.0067082039324993705,0.016833333333333332,0.0067082039324993705,0.0,0.0,0.0,0.0,3.9968278070243506,0.12777413773855265,0.0,0.0,0.0,0.0,300.0,0.0
"[30, 30]",30_30,P_only,0.05,5.0,NN_projection,0.002883704421871843,5.4778902326078076e-05,0.05369784099770787,0.0005091727622503897,0.0017455386373256508,0.00014602627436116275,0.041744702113415966,0.0017527370439027329,0.001756698187561959,1.8613475567334806e-05,0.04191242272679036,0.0002224474693422877,0.0013170776610178622,2.1053270412862177e-05,0.036290455540047895,0.0002910917989931812,2.4107388549674626e-06,8.905209412219881e-09,1.9046240391236454e-09,1.348830081050192e-10,0.010050276349915167,0.00010971436321134945,0.0,0.0,0.0,0.0,0.016833333333333332,0.0067082039324993705,0.016833333333333332,0.0067082039324993705,0.0,0.0,0.0,0.0,3.9968278070243506,0.12777413773855265,0.0,0.0,0.0,0.0,300.0,0.0
"[30, 30]",30_30,P_only,0.1,10.0,NN,0.004019422174179908,0.0001274703493773474,0.06339136935705222,0.0010033969764281358,0.00607748482536716,0.0005100894199529922,0.07789138124856806,0.003311471696578773,0.004027223907033666,0.00013845653807734748,0.06345144457708293,0.0010945261483924415,0.0038815708198852218,0.00014138814667784792,0.062292373787848056,0.0011383218304717275,0.020203042985416288,0.0014873389618542264,0.1924234202347224,0.00316545197775587,0.009355878024933685,0.00015143530290567393,0.0,0.0,0.0,0.0,0.0315,0.009395469855263737,0.0315,0.009395469855263737,0.0,0.0,0.0,0.0,7.993655614048701,0.2555482754771053,0.0,0.0,0.0,0.0,300.0,0.0
"[30, 30]",30_30,P_only,0.1,10.0,NN_projection,0.003816984686866149,0.00012695583586551796,0.06177366599819367,0.0010254015951457068,0.006280295024858706,0.0004876940991980493,0.07919018233220912,0.003113645189903955,0.0017907145840251096,3.632119123133391e-05,0.04231476133370852,0.0004298803951113846,0.0013379566703035702,4.0863801281161646e-05,0.03657399791229593,0.0005613395772549752,2.408327774607447e-06,1.6800950003700872e-08,1.889696205491121e-09,1.7903517142791647e-10,0.010126518616454108,0.0002216874756722771,0.0,0.0,0.0,0.0,0.0315,0.009395469855263737,0.0315,0.009395469855263737,0.0,0.0,0.0,0.0,7.993655614048701,0.2555482754771053,0.0,0.0,0.0,0.0,300.0,0.0
"[30, 30]",30_30,R_only,0.005,0.5,NN,0.0027968962494218466,5.09099560356234e-06,0.05288566959501749,4.81325853991386e-05,0.0003952507063829375,1.3929428701792164e-06,0.01988088379933719,3.5029914877441694e-05,0.003973627253701029,1.921458950263775e-05,0.06303653860682645,0.00015236442155425965,0.0038479171478602624,1.974822265107163e-05,0.06203138785444923,0.00015917124558991578,0.017867277235332303,1.6822572773655517e-05,0.19071347918323828,0.00043232486240825016,0.009246516939883006,7.322440945854096e-05,0.0,0.0,0.0,0.0,0.005,0.003973597071195131,0.0,0.0,0.0,0.0,0.005,0.003973597071195131,0.0,0.0,0.0,0.0,0.39968278070243507,0.012777413773855254,300.0,0.0
"[30, 30]",30_30,R_only,0.005,0.5,NN_projection,0.0025685551921626115,4.38048020866076e-06,0.050680897961696024,4.3212556252322116e-05,0.00021919458237168037,8.244108886058239e-07,0.014805196591731287,2.783885714289801e-05,0.0017625097938025517,2.3791170957032527e-05,0.04198134590801092,0.0002835666717976463,0.001324586800763312,2.1322664143069608e-05,0.03639375145230555,0.0002931785716300496,2.411271352361417e-06,3.980670703903757e-09,1.8577631293825838e-09,1.2212581270386609e-10,0.01003418453164367,8.338505166707646e-05,0.0,0.0,0.0,0.0,0.005,0.003973597071195131,0.0,0.0,0.0,0.0,0.005,0.003973597071195131,0.0,0.0,0.0,0.0,0.39968278070243507,0.012777413773855254,300.0,0.0
"[30, 30]",30_30,R_only,0.01,1.0,NN,0.002812849030309767,1.0231906632113696e-05,0.05303621584646061,9.645832155400999e-05,0.00039716833799175393,2.747492724744982e-06,0.019928969509103188,6.891869343381787e-05,0.0039967609290962255,3.8633245247654285e-05,0.06321924022104974,0.00030538150330447283,0.0038693550048290773,3.980052542055619e-05,0.06220335835234764,0.0003198922820365759,0.01787080641350531,3.320662288317786e-05,0.19089716468165333,0.0008788041442813719,0.009274788608949865,0.00014652953003898146,0.0,0.0,0.0,0.0,0.007833333333333335,0.004086062460700833,0.0,0.0,0.0,0.0,0.007833333333333335,0.004086062460700833,0.0,0.0,0.0,0.0,0.7993655614048701,0.025554827547710508,300.0,0.0
"[30, 30]",30_30,R_only,0.01,1.0,NN_projection,0.0025848172399655354,8.850933965296118e-06,0.05084102718113862,8.702771645213101e-05,0.00022086875485315336,1.6623843282546751e-06,0.014861553919547518,5.5912991948239954e-05,0.0017894969358632756,4.7807480426142375e-05,0.04229884855435938,0.0005660080329029958,0.0013486782639710515,4.3026321910217535e-05,0.036719900159763265,0.0005868705838412632,2.4114653357527034e-06,7.91221977328224e-09,1.867107386108853e-09,1.6358062112959556e-10,0.010066876290873246,0.00016673288727700252,0.0,0.0,0.0,0.0,0.007833333333333335,0.004086062460700833,0.0,0.0,0.0,0.0,0.007833333333333335,0.004086062460700833,0.0,0.0,0.0,0.0,0.7993655614048701,0.025554827547710508,300.0,0.0
"[30, 30]",30_30,R_only,0.02,2.0,NN,0.0028734813919039574,2.101992953364178e-05,0.05360452302589229,0.00019602113350281988,0.0004040813751859288,5.40548850673677e-06,0.020101348812266467,0.00013436444361401912,0.004080351119900206,7.868308545187125e-05,0.06387481108105361,0.0006152699535183838,0.003948495972594962,8.13796584710087e-05,0.06283389024631521,0.0006474314505288962,0.017883190088544734,6.568533220740638e-05,0.19165476736262846,0.0017985794019692914,0.009347034295397011,0.0002955013622257075,0.0,0.0,0.0,0.0,0.012333333333333333,0.005197840307247725,0.0,0.0,0.0,0.0,0.012333333333333333,0.005197840307247725,0.0,0.0,0.0,0.0,1.5987311228097403,0.051109655095421015,300.0,0.0
"[30, 30]",30_30,R_only,0.02,2.0,NN_projection,0.0026470192625952767,1.8384732460073407e-05,0.0514488966074199,0.00017859237413366414,0.00022730684575670047,3.415811850867888e-06,0.015076295024975688,0.00011320255062095178,0.0018855594262890123,9.693708744317644e-05,0.04340929976368441,0.0011202068961161224,0.0014368141448655592,8.794678735845434e-05,0.037888325895636725,0.0011647930430960752,2.4137055917037623e-06,1.5633343983762447e-08,1.798218444854412e-09,1.661593251406181e-10,0.010150529599131182,0.0003345054911114733,0.0,0.0,0.0,0.0,0.012333333333333333,0.005197840307247725,0.0,0.0,0.0,0.0,0.012333333333333333,0.005197840307247725,0.0,0.0,0.0,0.0,1.5987311228097403,0.051109655095421015,300.0,0.0
"[30, 30]",30_30,R_only,0.05,5.0,NN,0.003288467565478554,6.29744324715522e-05,0.057342670942911025,0.0005483512239648586,0.0004493478616228859,1.299568793586038e-05,0.021195732974454137,0.00030567491938413737,0.0046361990576937444,0.0002193584515231882,0.06807162648603948,0.001606803049822187,0.004482228991423076,0.00022800379169585967,0.06692892724307867,0.0017006777329418405,0.017950000977960522,0.00015876601969609232,0.19714827162923482,0.005316301973819683,0.009694098441338438,0.0007771960058705287,0.0,0.0,0.0,0.0,0.03133333333333334,0.008611158271895004,0.0,0.0,0.0,0.0,0.03133333333333334,0.008611158271895004,0.0,0.0,0.0,0.0,3.9968278070243506,0.12777413773855265,300.0,0.0
"[30, 30]",30_30,R_only,0.05,5.0,NN_projection,0.003075377194706411,5.653356435694693e-05,0.05545386255146072,0.0005092025035219646,0.0002717579573014217,9.964920701852405e-06,0.01648245909430338,0.00030174842438445375,0.0025224239481573844,0.00026218851987856994,0.05015827865953271,0.0026299950110119765,0.002033000210880722,0.00024310821259276456,0.04501083430096885,0.0027193277829269183,2.435487689088222e-06,3.83572563730674e-08,1.7810084417136464e-09,2.2260429783096655e-10,0.010553821730942912,0.0008644119915243075,0.0,0.0,0.0,0.0,0.03133333333333334,0.008611158271895004,0.0,0.0,0.0,0.0,0.03133333333333334,0.008611158271895004,0.0,0.0,0.0,0.0,3.9968278070243506,0.12777413773855265,300.0,0.0
"[30, 30]",30_30,R_only,0.1,10.0,NN,0.00480283990430472,0.0001996094727912582,0.06928839535330499,0.0014357003311510725,0.0006119713723123517,2.9892880190133545e-05,0.024731103167463072,0.00060167173481342,0.006661076075367113,0.0005918554564720891,0.08153976408919093,0.0036045216700258424,0.006442527345279893,0.0006107050416701855,0.08018058445246493,0.0037837912122536343,0.01817522757676525,0.0003397484635918938,0.21800732310546947,0.015431172811903588,0.010739700853865471,0.0017635165736719092,0.0,0.0,0.0,0.0,0.05466666666666666,0.0105075856753655,0.0,0.0,0.0,0.0,0.05466666666666666,0.0105075856753655,0.0,0.0,0.0,0.0,7.993655614048701,0.2555482754771053,300.0,0.0
"[30, 30]",30_30,R_only,0.1,10.0,NN_projection,0.004657439259021468,0.0001828275619368105,0.06823298055168119,0.001337564186502982,0.0004343493074462931,2.8959645239418043e-05,0.020830000132551443,0.00069615630746334,0.0049231734782050115,0.0006914445010819174,0.06999920322531121,0.004950813439446357,0.004313882874766034,0.0006615307480146752,0.06549487165243688,0.0050580485103970205,2.524436309724717e-06,7.891267771782526e-08,1.6766433270848818e-09,1.55616743915574e-10,0.011765380781768722,0.0019023078930046895,0.0,0.0,0.0,0.0,0.05466666666666666,0.0105075856753655,0.0,0.0,0.0,0.0,0.05466666666666666,0.0105075856753655,0.0,0.0,0.0,0.0,7.993655614048701,0.2555482754771053,300.0,0.0
"[30, 30]",30_30,clean,0.0,0.0,NN,0.002790505556748179,,0.05282523598383805,,0.00039431686524847207,,0.01985741335744593,,0.003962985282127589,,0.06295224604513797,,0.003838591268414148,,0.06195636584253589,,0.017864979192033184,,0.19067014373659574,,0.009223679449436452,,0.0,,0.0,,0.0,,0.0,,0.0,,0.0,,0.0,,0.0,,0.0,,300.0,
"[30, 30]",30_30,clean,0.0,0.0,NN_projection,0.002562160460464759,,0.050617787984707105,,0.00021853932356469637,,0.014783075578670915,,0.0017494853279338214,,0.04182684936657101,,0.00131373516351282,,0.036245484732761124,,2.4116891550984785e-06,,1.7560431889288433e-09,,0.010007641540531848,,0.0,,0.0,,0.0,,0.0,,0.0,,0.0,,0.0,,0.0,,0.0,,300.0,
"[50, 50]",50_50,I_only,0.005,0.5,NN,0.002418230060669292,3.4112006947656486e-06,0.04917549102713609,3.4685190992939106e-05,0.0002646733342312916,1.7951012305944907e-06,0.016268695390507563,5.5102986541339474e-05,0.0031202020014827712,1.2824275568626787e-05,0.05585865630421229,0.0001147875413056786,0.003115523774888506,1.3896585091966462e-05,0.055816745309797466,0.00012446901837560024,0.014006583764667981,2.8961952046185187e-05,0.1652928254713864,0.00020992921448857163,0.007147573042295565,5.397154800032404e-05,0.0,0.0,0.0,0.0,0.001,0.0015672078199387574,0.0,0.0,0.001,0.0015672078199387574,0.0,0.0,0.0,0.0,0.39968278070243507,0.012777413773855254,0.0,0.0,300.0,0.0
"[50, 50]",50_50,I_only,0.005,0.5,NN_projection,0.002248069256249962,2.9050577598596488e-06,0.04741379930568686,3.0636236045773615e-05,0.00015769618219744276,1.3309118473198082e-06,0.012557608159466377,5.291015966738912e-05,0.0015716872947251041,1.3152350339739785e-05,0.039644182111101975,0.00016581367757016095,0.0011261142395034326,1.2025308291440447e-05,0.033557171807114504,0.000179061328017537,2.4065018146959195e-06,2.707146394151778e-09,1.7828259825995084e-09,7.274224744077937e-11,0.009579717822953401,5.662276503116187e-05,0.0,0.0,0.0,0.0,0.001,0.0015672078199387574,0.0,0.0,0.001,0.0015672078199387574,0.0,0.0,0.0,0.0,0.39968278070243507,0.012777413773855254,0.0,0.0,300.0,0.0
"[50, 50]",50_50,I_only,0.01,1.0,NN,0.0024225603890520968,6.7901053139306644e-06,0.049219466356438514,6.89823739040341e-05,0.0002679074628810577,3.701058149264553e-06,0.016367510124457384,0.00011274193560921022,0.00312431382415094,2.5555484795913058e-05,0.05589511772453298,0.00022858537858736782,0.0031208969572801074,2.7641992102432066e-05,0.0558644684801168,0.00024734104761601453,0.014004620295259135,5.761102930988857e-05,0.16532153883248507,0.00041459820763873267,0.007135609178840823,0.0001070475290249742,0.0,0.0,0.0,0.0,0.002666666666666667,0.0031715106072916963,0.0,0.0,0.002666666666666667,0.0031715106072916963,0.0,0.0,0.0,0.0,0.7993655614048701,0.025554827547710508,0.0,0.0,300.0,0.0
"[50, 50]",50_50,I_only,0.01,1.0,NN_projection,0.002252421068867636,5.807295691931005e-06,0.04745964087938187,6.11853761471406e-05,0.00016113956457092148,2.712954840915493e-06,0.012693651707624118,0.00010647903896917313,0.0015746013478799773,2.6322959665340477e-05,0.039679931833740224,0.0003314363473174093,0.0011305917712547853,2.4011743146254804e-05,0.03362247689288281,0.00035661986594426326,2.4070881678352255e-06,5.416488300118041e-09,1.766032744937254e-09,9.630551772174434e-11,0.009566771472571416,0.00011227867440049659,0.0,0.0,0.0,0.0,0.002666666666666667,0.0031715106072916963,0.0,0.0,0.002666666666666667,0.0031715106072916963,0.0,0.0,0.0,0.0,0.7993655614048701,0.025554827547710508,0.0,0.0,300.0,0.0
"[50, 50]",50_50,I_only,0.02,2.0,NN,0.0024415174395949774,1.3551706019079675e-05,0.0494115327806666,0.0001371432600462772,0.0002818618955149603,7.910242202524362e-06,0.016787194313504422,0.00023396489976316978,0.0031454616408171307,5.0816590351570034e-05,0.05608267732485006,0.0004529957521354552,0.003145516975671244,5.480313739952779e-05,0.05608288903904598,0.0004883190343039187,0.014001432448195173,0.00011605700924101735,0.165468469749307,0.000817065388973034,0.007118129895926181,0.00021202230867912135,0.0,0.0,0.0,0.0,0.006333333333333334,0.003730700826248436,0.0,0.0,0.006333333333333334,0.003730700826248436,0.0,0.0,0.0,0.0,1.5987311228097403,0.051109655095421015,0.0,0.0,300.0,0.0
"[50, 50]",50_50,I_only,0.02,2.0,NN_projection,0.0022714003281778775,1.172332363306799e-05,0.04765905953019656,0.0001230013909125443,0.00017568046428356244,5.7280347744915216e-06,0.01325280597762303,0.00021422566321706071,0.0015926937482868332,5.292700705837425e-05,0.039903346820038724,0.0006622615531476645,0.0011529189534507833,4.814401320820937e-05,0.03394766095657005,0.0007073069969615153,2.4087024303477096e-06,1.0810346696481027e-08,1.7381942292781002e-09,1.2839682727377086e-10,0.009545563719967357,0.00022296768795638142,0.0,0.0,0.0,0.0,0.006333333333333334,0.003730700826248436,0.0,0.0,0.006333333333333334,0.003730700826248436,0.0,0.0,0.0,0.0,1.5987311228097403,0.051109655095421015,0.0,0.0,300.0,0.0
"[50, 50]",50_50,I_only,0.05,5.0,NN,0.002581016287626528,3.51944934036389e-05,0.05080258214981333,0.00034631068800737433,0.00038475022987445346,2.448640392720412e-05,0.019605996655087134,0.0006114047975686708,0.0033100381339215474,0.00012735348612533993,0.057522815005837794,0.0011068626718938241,0.0033292613117103373,0.00013677992255658054,0.057688218447359454,0.001183555784411975,0.014008183964475058,0.00027538171465059944,0.16653635557126087,0.0020555896249527463,0.007125412428111799,0.0005232099323482458,0.0,0.0,0.0,0.0,0.018833333333333334,0.007031674369909661,0.0,0.0,0.018833333333333334,0.007031674369909661,0.0,0.0,0.0,0.0,3.9968278070243506,0.12777413773855265,0.0,0.0,300.0,0.0
"[50, 50]",50_50,I_only,0.05,5.0,NN_projection,0.0024109547247954844,3.184525417366999e-05,0.049100457263327575,0.0003241528678140353,0.0002813271083645559,1.8387587041195726e-05,0.016764666253659632,0.0005361399738302761,0.0017446381716201876,0.00013697031236528626,0.041738360581312875,0.0016375294628109128,0.001326428673460336,0.00012452286048427163,0.03638229032164342,0.0017037495528787255,2.4172262804850025e-06,2.6611012112871325e-08,1.8523626147068108e-09,1.4651511617754625e-10,0.009523967487023687,0.0005532917128344928,0.0,0.0,0.0,0.0,0.018833333333333334,0.007031674369909661,0.0,0.0,0.018833333333333334,0.007031674369909661,0.0,0.0,0.0,0.0,3.9968278070243506,0.12777413773855265,0.0,0.0,300.0,0.0
"[50, 50]",50_50,I_only,0.1,10.0,NN,0.003095646208280698,8.26546154209977e-05,0.0556338399341952,0.0007413092664121055,0.0007721710514180761,7.173299091855443e-05,0.02776106159983997,0.00125426022145435,0.003916327671630568,0.00026998278145435754,0.0625451102953917,0.002161103462745476,0.003995129955072519,0.00028617526302390827,0.06316862822487093,0.0022604990740421283,0.014081626886151926,0.000486472084204436,0.1707497708988563,0.004379665678179657,0.007291695286047726,0.0010469757995511988,0.0,0.0,0.0,0.0,0.0375,0.010137937550497033,0.0,0.0,0.0375,0.010137937550497033,0.0,0.0,0.0,0.0,7.993655614048701,0.2555482754771053,0.0,0.0,300.0,0.0
"[50, 50]",50_50,I_only,0.1,10.0,NN_projection,0.0029260083980519372,8.035946876312805e-05,0.05408777469946237,0.000740573115290414,0.0006737260326379131,5.990486851030748e-05,0.025933047193317894,0.0011253518313281681,0.0023213078068563247,0.0003032108386321717,0.04808182344789437,0.003153287471135699,0.0019676900247294197,0.00028094028053139583,0.04425104609840564,0.003168088237440539,2.443032005738364e-06,5.1535950500240615e-08,1.895980192139861e-09,1.7318762406980197e-10,0.009606343993004494,0.0011124712427897476,0.0,0.0,0.0,0.0,0.0375,0.010137937550497033,0.0,0.0,0.0375,0.010137937550497033,0.0,0.0,0.0,0.0,7.993655614048701,0.2555482754771053,0.0,0.0,300.0,0.0
"[50, 50]",50_50,P_I_R,0.005,0.5,NN,0.002432304514404789,9.408988567621221e-06,0.04931831176821818,9.535936253123908e-05,0.0002830707945799176,8.49310910929342e-06,0.01682291057839102,0.0002523036002770098,0.0031356080489028347,3.3827680028038674e-05,0.05599572810102073,0.0003017202248722717,0.00312927931900494,3.4788412226979344e-05,0.05593914255253744,0.00031060127060400863,0.014003220921497883,5.827666993287051e-05,0.16536972231828254,0.0005294189677370426,0.007196501308524822,7.6114695220836e-05,0.0,0.0,0.0,0.0,0.0075,0.006105792475542053,0.003,0.002840805420755968,0.0001666666666666667,0.00074535599249993,0.004333333333333333,0.004060939308851518,0.39968278070243507,0.012777413773855254,0.39667287051054395,0.019435706768713267,0.4005584882920882,0.0189222755896494,300.0,0.0
"[50, 50]",50_50,P_I_R,0.005,0.5,NN_projection,0.0022621947450098844,7.719065413790932e-06,0.04756246940070717,8.110757429992628e-05,0.00017609994173964437,7.161758401053577e-06,0.01326766914438204,0.00026930165996530273,0.0015956452844199866,2.7991221286394912e-05,0.03994407587704436,0.0003495662709684677,0.0011461418313002078,2.831590057082539e-05,0.03385226940946402,0.0004176212452681504,2.4053568751553944e-06,5.556449731273034e-09,1.9101761861020047e-09,8.809332371244666e-11,0.009634718094667937,8.826605374982185e-05,0.0,0.0,0.0,0.0,0.0075,0.006105792475542053,0.003,0.002840805420755968,0.0001666666666666667,0.00074535599249993,0.004333333333333333,0.004060939308851518,0.39968278070243507,0.012777413773855254,0.39667287051054395,0.019435706768713267,0.4005584882920882,0.0189222755896494,300.0,0.0
"[50, 50]",50_50,P_I_R,0.01,1.0,NN,0.002466164831103195,1.9392926913289528e-05,0.04966013143356348,0.00019514395332961214,0.00033417359556638473,1.781476186612728e-05,0.018274261481307667,0.0004866241164546883,0.0031679117958791267,6.977675282282688e-05,0.05628097792592248,0.0006184186803144449,0.003160836210736686,7.170921451654853e-05,0.0562178942141523,0.000636256207139798,0.014009185027051249,0.00011652923013843023,0.1655834776871758,0.0010660424996549029,0.007237260924664419,0.00015558932040654952,0.0,0.0,0.0,0.0,0.01566666666666667,0.0046010423431299624,0.005,0.002961744388795462,0.0021666666666666666,0.002483866067901982,0.0085,0.00411458680324082,0.7993655614048701,0.025554827547710508,0.7933457410210879,0.038871413537426534,0.8011169765841764,0.0378445511792988,300.0,0.0
"[50, 50]",50_50,P_I_R,0.01,1.0,NN_projection,0.002296446566736923,1.5980810324319366e-05,0.04792097871587791,0.00016659326232564518,0.0002288264217519999,1.543170274261124e-05,0.015118868826676199,0.0005091036020699744,0.0016363420063005088,5.8419087318369404e-05,0.04044565908742327,0.0007186736939404311,0.0011836662531879382,5.8841688628902966e-05,0.034394410823287876,0.0008527091852234887,2.4053449382610816e-06,1.1031247502967465e-08,2.0104036345983047e-09,1.198491090800539e-10,0.009681031039518024,0.00017943832951275288,0.0,0.0,0.0,0.0,0.01566666666666667,0.0046010423431299624,0.005,0.002961744388795462,0.0021666666666666666,0.002483866067901982,0.0085,0.00411458680324082,0.7993655614048701,0.025554827547710508,0.7933457410210879,0.038871413537426534,0.8011169765841764,0.0378445511792988,300.0,0.0
"[50, 50]",50_50,P_I_R,0.02,2.0,NN,0.002590650688563868,4.161738650914755e-05,0.05089687763082858,0.00040850948108520963,0.0005324343904460786,4.049583309861247e-05,0.023058693359124388,0.0008772271001354791,0.00328460218000816,0.00014887916633089492,0.05729760613977518,0.001292289139618718,0.0032755710484613917,0.0001528388353969376,0.057217953369189514,0.0013285768811407866,0.014061701692308411,0.00023517087676018853,0.16646184345442294,0.002111484232287395,0.007337551126801592,0.00032709481474629094,0.0,0.0,0.0,0.0,0.024666666666666667,0.005962847939999439,0.006333333333333334,0.00322635347182329,0.005666666666666667,0.0036031175584972075,0.013000000000000001,0.005913608055486779,1.5987311228097403,0.051109655095421015,1.5866914820421758,0.07774282707485307,1.6022339531683527,0.0756891023585976,300.0,0.0
"[50, 50]",50_50,P_I_R,0.02,2.0,NN_projection,0.0024226269194594953,3.479858246912466e-05,0.049218985474296886,0.0003530145970560208,0.0004346458046240654,3.6877969860208785e-05,0.020830199787623297,0.0008876826316246736,0.0017719547573723862,0.0001274448118023239,0.042069226058110844,0.0014991142100214882,0.0013116323864608283,0.00012749216683002404,0.03617629865989467,0.001749526772386238,2.407491392069915e-06,2.1802162584746758e-08,2.0218013408238747e-09,1.3850645617201416e-10,0.009791060922085254,0.0003722332349653535,0.0,0.0,0.0,0.0,0.024666666666666667,0.005962847939999439,0.006333333333333334,0.00322635347182329,0.005666666666666667,0.0036031175584972075,0.013000000000000001,0.005913608055486779,1.5987311228097403,0.051109655095421015,1.5866914820421758,0.07774282707485307,1.6022339531683527,0.0756891023585976,300.0,0.0
"[50, 50]",50_50,P_I_R,0.05,5.0,NN,0.00342265614423952,0.0001331617144603809,0.058492932739457326,0.00113923509742309,0.0018969967673451774,0.00015811204279435204,0.04351750002999951,0.0018421836253893471,0.00405704858494081,0.00045050871228605725,0.0636040113885385,0.0034910894435127553,0.004039130916434186,0.0004617706663089785,0.06345796200650644,0.003586227223694829,0.014513271634921924,0.0006491704655564587,0.17272646004314005,0.00558460952588171,0.0077907335728312505,0.0009588095818117686,0.0,0.0,0.0,0.0,0.06466666666666668,0.01432292563795572,0.016833333333333332,0.0067082039324993705,0.017,0.007246697170645461,0.03166666666666666,0.011055415967851335,3.9968278070243506,0.12777413773855265,3.96672870510544,0.19435706768713298,4.005584882920882,0.18922275589649407,300.0,0.0
"[50, 50]",50_50,P_I_R,0.05,5.0,NN_projection,0.003268293231402951,0.00011835702084180356,0.05716008771759743,0.0010349693712824858,0.0018578485639320786,0.00015395970170129357,0.043066286883258434,0.0018190506549356574,0.0026279003940173186,0.00041447133548445,0.05111775615877987,0.0039570588903803956,0.0021346234273988676,0.000410177724249195,0.046005012689425695,0.004372429752635859,2.4314700577423486e-06,5.28802142649548e-08,1.936886786164092e-09,1.7515030604565113e-10,0.010265273733437292,0.0010499984274371973,0.0,0.0,0.0,0.0,0.06466666666666668,0.01432292563795572,0.016833333333333332,0.0067082039324993705,0.017,0.007246697170645461,0.03166666666666666,0.011055415967851335,3.9968278070243506,0.12777413773855265,3.96672870510544,0.19435706768713298,4.005584882920882,0.18922275589649407,300.0,0.0
"[50, 50]",50_50,P_I_R,0.1,10.0,NN,0.006405408394439949,0.0004210297683292207,0.07999226965008621,0.002644794423977055,0.0067412299458140135,0.0005601501361190303,0.08203401441884164,0.003501942940906524,0.006859352546974872,0.0012185396292256443,0.082519742437366,0.007243483826363384,0.006804887155208011,0.0012489604172461449,0.08217197391000064,0.007444804542497094,0.016391854922246214,0.0015188825761644172,0.1967198842365392,0.015112689920547822,0.009093981381942364,0.002564062528778043,0.0,0.0,0.0,0.0,0.121,0.017205330331407927,0.0315,0.009395469855263737,0.034333333333333334,0.00859076071082435,0.059,0.013027187046295961,7.993655614048701,0.2555482754771053,7.93345741021088,0.38871413537426597,8.011169765841764,0.37844551179298813,300.0,0.0
"[50, 50]",50_50,P_I_R,0.1,10.0,NN_projection,0.006319198059912001,0.00040323503720089937,0.07945470060764448,0.002544056284875107,0.0069439079863323925,0.000555744463977812,0.08326326078742005,0.0034239695919809202,0.005752766541374082,0.001256741260375153,0.07543524496571838,0.008097456282597152,0.005174444625300091,0.0012435351420157137,0.0714559731539762,0.0084907705879492,2.5336562093435285e-06,1.0704795903944708e-07,1.7918378558540457e-09,2.0429161538700584e-10,0.011612844104419586,0.0026730019821297607,0.0,0.0,0.0,0.0,0.121,0.017205330331407927,0.0315,0.009395469855263737,0.034333333333333334,0.00859076071082435,0.059,0.013027187046295961,7.993655614048701,0.2555482754771053,7.93345741021088,0.38871413537426597,8.011169765841764,0.37844551179298813,300.0,0.0
"[50, 50]",50_50,P_only,0.005,0.5,NN,0.0024223805437099573,5.279708280295595e-06,0.04921765750673357,5.363875101797638e-05,0.00028085877279223346,8.715035997018553e-06,0.016756928994794557,0.00025976397312487976,0.003119697857436595,6.338955676245667e-06,0.05585422810034842,5.676128076029333e-05,0.003114120790615192,7.054472868204168e-06,0.055804273967477856,6.322539351145848e-05,0.014007017532177545,5.502160839237153e-05,0.16529538813515174,9.932373501925481e-05,0.00716353160653133,7.619773277711404e-06,0.0,0.0,0.0,0.0,0.003,0.002840805420755968,0.003,0.002840805420755968,0.0,0.0,0.0,0.0,0.39968278070243507,0.012777413773855254,0.0,0.0,0.0,0.0,300.0,0.0
"[50, 50]",50_50,P_only,0.005,0.5,NN_projection,0.002252221081173956,5.250173065267357e-06,0.04745754075048828,5.5318120190841656e-05,0.00017405919404706198,6.77472844694788e-06,0.01319079433064948,0.0002557527045029196,0.0015725038428655784,1.765346293748961e-06,0.0396548026340874,2.226437215230319e-05,0.0011257424495731813,2.0849681619445527e-06,0.03355207194202996,3.108511282129448e-05,2.406045424006296e-06,8.432836041134917e-10,1.8354468175551087e-09,6.326993845030672e-11,0.009596456795463853,1.0543837988754765e-05,0.0,0.0,0.0,0.0,0.003,0.002840805420755968,0.003,0.002840805420755968,0.0,0.0,0.0,0.0,0.39968278070243507,0.012777413773855254,0.0,0.0,0.0,0.0,300.0,0.0
"[50, 50]",50_50,P_only,0.01,1.0,NN,0.002433417092754569,1.0563226678514807e-05,0.04932956721352638,0.0001070724336843891,0.0003260193959753926,1.8112430071881972e-05,0.018049431021230678,0.0004999324009338726,0.003119275286577596,1.2660434318390028e-05,0.055850363195357765,0.00011340437299091632,0.0031136566752505324,1.4109037073312005e-05,0.05580001320802076,0.00012649624600828398,0.014015174771181499,0.00010978426602128187,0.1652870125278704,0.0002007371416722668,0.007166248671968377,1.523148263212593e-05,0.0,0.0,0.0,0.0,0.005,0.002961744388795462,0.005,0.002961744388795462,0.0,0.0,0.0,0.0,0.7993655614048701,0.025554827547710508,0.0,0.0,0.0,0.0,300.0,0.0
"[50, 50]",50_50,P_only,0.01,1.0,NN_projection,0.0022634017644650043,1.0504646763154083e-05,0.04757510045892281,0.00011040970784265353,0.00022101734150520216,1.4281537124435557e-05,0.014859379390210684,0.0004770365129841759,0.0015723908144027587,3.5320951709829835e-06,0.039653359608001926,4.455866907006531e-05,0.0011255543323459996,4.177964635220017e-06,0.03354922714948239,6.232359047620862e-05,2.406024624820347e-06,1.6879298334593573e-09,1.879133127980159e-09,1.0900238205974948e-10,0.009599551733530947,2.1067751046244812e-05,0.0,0.0,0.0,0.0,0.005,0.002961744388795462,0.005,0.002961744388795462,0.0,0.0,0.0,0.0,0.7993655614048701,0.025554827547710508,0.0,0.0,0.0,0.0,300.0,0.0
"[50, 50]",50_50,P_only,0.02,2.0,NN,0.0024734746692380216,2.125163175955895e-05,0.04973360345313352,0.00021363225778289218,0.000501117787302016,4.0152618790425595e-05,0.022368799465240632,0.0008912426486690746,0.0031197080993638007,2.5320386128677428e-05,0.055853909346308704,0.00022690155094404709,0.0031137269270077542,2.803317124663341e-05,0.05580024064851059,0.0002514601068293213,0.014064995342311088,0.00021980391743204418,0.1653150732892613,0.0004029507872734873,0.007172528947543023,3.047630598487212e-05,0.0,0.0,0.0,0.0,0.006333333333333334,0.00322635347182329,0.006333333333333334,0.00322635347182329,0.0,0.0,0.0,0.0,1.5987311228097403,0.051109655095421015,0.0,0.0,0.0,0.0,300.0,0.0
"[50, 50]",50_50,P_only,0.02,2.0,NN_projection,0.00230403230779128,2.114674857020897e-05,0.04799985640211139,0.00022027057037878696,0.00040402959411812414,3.296699725244732e-05,0.0200847843217326,0.0008150123457950309,0.0015728910722117879,7.052408530176819e-06,0.03965959591813872,8.899332761689792e-05,0.0011256479474404874,8.340814590417976e-06,0.03355045776997814,0.00012452378931780076,2.4059705981792506e-06,3.3813486033578608e-09,1.9443132281421573e-09,1.1454719643826305e-10,0.009606661381233405,4.204164889632589e-05,0.0,0.0,0.0,0.0,0.006333333333333334,0.00322635347182329,0.006333333333333334,0.00322635347182329,0.0,0.0,0.0,0.0,1.5987311228097403,0.051109655095421015,0.0,0.0,0.0,0.0,300.0,0.0
"[50, 50]",50_50,P_only,0.05,5.0,NN,0.002737670780874825,5.544130640670602e-05,0.05232021416298854,0.0005291212315946579,0.001704492678793858,0.00014593626337868607,0.04124942432428108,0.001770421213415677,0.0031308148703561357,6.256553922881791e-05,0.05595101972093593,0.0005603218469627133,0.0031209619632378708,6.846240857100043e-05,0.05586236321065148,0.0006141658948891903,0.014470001726005838,0.0005895832985913314,0.16569548326294226,0.0010359645842437017,0.00719761536509355,7.607040241633923e-05,0.0,0.0,0.0,0.0,0.016833333333333332,0.0067082039324993705,0.016833333333333332,0.0067082039324993705,0.0,0.0,0.0,0.0,3.9968278070243506,0.12777413773855265,0.0,0.0,0.0,0.0,300.0,0.0
"[50, 50]",50_50,P_only,0.05,5.0,NN_projection,0.0025723658121711204,5.524478043585523e-05,0.05071572434105093,0.0005439782635505736,0.001666299116294193,0.00013213403715752416,0.040789458734619186,0.0016284226888849918,0.0015803439273105763,1.7330390562622816e-05,0.039752969977096125,0.00021837994574900016,0.0011298282685571726,2.0481667612274016e-05,0.033611596016477556,0.000305875417161425,2.405713140687693e-06,8.38426442216257e-09,1.8986324102536515e-09,9.926239486356174e-11,0.00963544311497155,0.00010473177148798503,0.0,0.0,0.0,0.0,0.016833333333333332,0.0067082039324993705,0.016833333333333332,0.0067082039324993705,0.0,0.0,0.0,0.0,3.9968278070243506,0.12777413773855265,0.0,0.0,0.0,0.0,300.0,0.0
"[50, 50]",50_50,P_only,0.1,10.0,NN,0.0036635635200534637,0.00012697294524928113,0.06051877757757319,0.001046840142468268,0.005955824619717958,0.00048810025995759494,0.07711097363794553,0.0031990729456524603,0.0031863612252379415,0.00011829914693031037,0.05643855426744644,0.001051724117540502,0.003159361842337759,0.0001281256786182672,0.05619713703798664,0.0011441526726926148,0.016077135666699268,0.0013975325460051512,0.16723600973055444,0.0023855740445136533,0.007267174542211603,0.0001509641081615939,0.0,0.0,0.0,0.0,0.0315,0.009395469855263737,0.0315,0.009395469855263737,0.0,0.0,0.0,0.0,7.993655614048701,0.2555482754771053,0.0,0.0,0.0,0.0,300.0,0.0
"[50, 50]",50_50,P_only,0.1,10.0,NN_projection,0.003514497340792454,0.00012716880097186033,0.0592740123717672,0.0010705621464995366,0.006153478850495608,0.00046918866752605895,0.07838850252749201,0.003029942155603575,0.001614691469102341,3.410332736306022e-05,0.040181087059238375,0.0004251462166405915,0.0011513484122422746,3.9677832656983036e-05,0.03392668518300349,0.0005879892011593776,2.403952370291366e-06,1.5711560279567563e-08,1.8206019786842175e-09,1.3306907872076989e-10,0.009710407362152867,0.0002119723944481573,0.0,0.0,0.0,0.0,0.0315,0.009395469855263737,0.0315,0.009395469855263737,0.0,0.0,0.0,0.0,7.993655614048701,0.2555482754771053,0.0,0.0,0.0,0.0,300.0,0.0
"[50, 50]",50_50,R_only,0.005,0.5,NN,0.002423752278035919,4.933083155401511e-06,0.04923159446747373,5.009702301177869e-05,0.00026487730037968397,1.1771169329408517e-06,0.016275013340619527,3.6145063583380945e-05,0.0031304861123947906,1.812402699164034e-05,0.055950524438793926,0.00016198576517754927,0.0031240054239300174,1.8700771235785424e-05,0.055892565000995056,0.00016733684767295638,0.014013017789861387,1.5183807113331415e-05,0.16533028670583766,0.0004756055395357919,0.007183606788472398,6.968159939659333e-05,0.0,0.0,0.0,0.0,0.005,0.003973597071195131,0.0,0.0,0.0,0.0,0.005,0.003973597071195131,0.0,0.0,0.0,0.0,0.39968278070243507,0.012777413773855254,300.0,0.0
"[50, 50]",50_50,R_only,0.005,0.5,NN_projection,0.002253616181829846,4.311037306548735e-06,0.047472246879900225,4.539885982017347e-05,0.00015751309813265187,7.165078736483846e-07,0.012550391391900298,2.8544384031859247e-05,0.0015858056566850117,2.3608226872731347e-05,0.03982112560629991,0.0002966694639476706,0.0011367951416097362,2.0756516781945188e-05,0.03371505443494393,0.0003082139696003723,2.4055917735780437e-06,3.920318620687661e-09,1.9135424301553357e-09,9.767611110841175e-11,0.009618473099409127,7.768460753773419e-05,0.0,0.0,0.0,0.0,0.005,0.003973597071195131,0.0,0.0,0.0,0.0,0.005,0.003973597071195131,0.0,0.0,0.0,0.0,0.39968278070243507,0.012777413773855254,300.0,0.0
"[50, 50]",50_50,R_only,0.01,1.0,NN,0.002439807343577583,9.995755482457971e-06,0.04939430757548086,0.00010116540066344167,0.0002669087839963886,2.321131135936823e-06,0.01633719682222247,7.096321028033365e-05,0.0031534963623239013,3.650756077870262e-05,0.056155106004480294,0.0003251428017977675,0.0031458717348228334,3.774913057478995e-05,0.05608711120072959,0.000336689736648896,0.014019485815909602,3.0013024878000266e-05,0.1654626796439234,0.0009559501366799425,0.007211714984935898,0.00013964181028469888,0.0,0.0,0.0,0.0,0.007833333333333335,0.004086062460700833,0.0,0.0,0.0,0.0,0.007833333333333335,0.004086062460700833,0.0,0.0,0.0,0.0,0.7993655614048701,0.025554827547710508,300.0,0.0
"[50, 50]",50_50,R_only,0.01,1.0,NN_projection,0.00227000855535106,8.756215035115677e-06,0.04764452265239352,9.18613177869465e-05,0.0001592723560369307,1.4448995321701136e-06,0.012620191896856023,5.723932638077156e-05,0.0016131043148965303,4.744092567179929e-05,0.040159329691648114,0.0005916556733708596,0.0011611342469803733,4.190839312907044e-05,0.0340701189203771,0.0006166494625977003,2.4057173175928122e-06,7.80630182674341e-09,1.9643550016950193e-09,1.0784498771158707e-10,0.009649078950643618,0.00015568344974954682,0.0,0.0,0.0,0.0,0.007833333333333335,0.004086062460700833,0.0,0.0,0.0,0.0,0.007833333333333335,0.004086062460700833,0.0,0.0,0.0,0.0,0.7993655614048701,0.025554827547710508,300.0,0.0
"[50, 50]",50_50,R_only,0.02,2.0,NN,0.002500828336951589,2.0736720061236425e-05,0.05000787474554018,0.0002072384488660639,0.000274156506232394,4.515703906689085e-06,0.016557140975946294,0.0001360686167235727,0.0032382607944339272,7.45536991019432e-05,0.056902132855872714,0.00065539934514694,0.003227313691719514,7.751832459684128e-05,0.056805551661559504,0.0006828671331105871,0.014037080786520079,5.80203695231265e-05,0.16604359373808733,0.0018938190166051419,0.007285735690956073,0.0002810580732676289,0.0,0.0,0.0,0.0,0.012333333333333333,0.005197840307247725,0.0,0.0,0.0,0.0,0.012333333333333333,0.005197840307247725,0.0,0.0,0.0,0.0,1.5987311228097403,0.051109655095421015,300.0,0.0
"[50, 50]",50_50,R_only,0.02,2.0,NN_projection,0.002332592253894265,1.830602776563041e-05,0.04829656488483381,0.00018938743164788194,0.00016591636891326306,2.977750940293772e-06,0.012880360332428736,0.00011556096618069126,0.0017109592869731995,9.6275171009212e-05,0.04134807080549879,0.0011681418608235395,0.0012509122570440487,8.584232019197208e-05,0.03534822276865781,0.0012206142290668537,2.4078177267875236e-06,1.5488667761599643e-08,2.0347304794933785e-09,1.248938254509718e-10,0.009727878971250917,0.0003124209140964298,0.0,0.0,0.0,0.0,0.012333333333333333,0.005197840307247725,0.0,0.0,0.0,0.0,0.012333333333333333,0.005197840307247725,0.0,0.0,0.0,0.0,1.5987311228097403,0.051109655095421015,300.0,0.0
"[50, 50]",50_50,R_only,0.05,5.0,NN,0.002917911135748083,6.263709631608785e-05,0.054014746650747694,0.000578819127847098,0.0003216770763508349,1.1024144697612704e-05,0.01793287678519508,0.00030609004152777717,0.0038075665452670174,0.00021022865582874634,0.06168314275944466,0.0017033850462461221,0.00377741938759611,0.000220477784760744,0.061435844169059714,0.001793684485286879,0.014121942555550457,0.00014370196853928137,0.1705311639918014,0.004724697209735933,0.007652044549482538,0.0007355438011475294,0.0,0.0,0.0,0.0,0.03133333333333334,0.008611158271895004,0.0,0.0,0.0,0.0,0.03133333333333334,0.008611158271895004,0.0,0.0,0.0,0.0,3.9968278070243506,0.12777413773855265,300.0,0.0
"[50, 50]",50_50,R_only,0.05,5.0,NN_projection,0.002762574199400606,5.6881899188781146e-05,0.05255755855805764,0.000540212255505462,0.00021113492773277702,8.845261319176444e-06,0.014527445869926317,0.00030477641354009636,0.0023623201262906604,0.00026190644651644243,0.048531699092282124,0.0027133800065295326,0.0018611265939240617,0.0002399026952203742,0.04305379034782133,0.0028093323068711755,2.429169438952244e-06,3.844218352458572e-08,2.0279432658309793e-09,1.7455286829123032e-10,0.010103330811986864,0.0008024231229169349,0.0,0.0,0.0,0.0,0.03133333333333334,0.008611158271895004,0.0,0.0,0.0,0.0,0.03133333333333334,0.008611158271895004,0.0,0.0,0.0,0.0,3.9968278070243506,0.12777413773855265,300.0,0.0
"[50, 50]",50_50,R_only,0.1,10.0,NN,0.004442843320071145,0.00019874610487601832,0.06663890266184938,0.001486774005305782,0.0004908920702601874,2.8050792162763006e-05,0.02214747942200746,0.0006334745555838302,0.005898909029984616,0.0005876606875135471,0.0767143699371666,0.0038133387951363416,0.00580248035967351,0.0006081263759056502,0.07607546728794463,0.003974078720696461,0.01433499424610131,0.0002787606915994051,0.18763130187162355,0.011527731947002606,0.008761301755268899,0.0016800265410775186,0.0,0.0,0.0,0.0,0.05466666666666666,0.0105075856753655,0.0,0.0,0.0,0.0,0.05466666666666666,0.0105075856753655,0.0,0.0,0.0,0.0,7.993655614048701,0.2555482754771053,300.0,0.0
"[50, 50]",50_50,R_only,0.1,10.0,NN_projection,0.004352372847739659,0.00018465298309955987,0.06595847848666983,0.001396221767625309,0.0003766795438772736,2.7231314711097793e-05,0.019396032712266795,0.0007059587746648733,0.004823998123488172,0.0006995241386498549,0.06928046114187364,0.005048796360729399,0.004201998524390215,0.0006673382305992979,0.06462741491057605,0.005160147526090465,2.517474543986462e-06,8.062151694837026e-08,1.9172423348436017e-09,1.5322758658872692e-10,0.01122374253844028,0.0017687591834181595,0.0,0.0,0.0,0.0,0.05466666666666666,0.0105075856753655,0.0,0.0,0.0,0.0,0.05466666666666666,0.0105075856753655,0.0,0.0,0.0,0.0,7.993655614048701,0.2555482754771053,300.0,0.0
"[50, 50]",50_50,clean,0.0,0.0,NN,0.002417323078808263,,0.049166279895963894,,0.0002639179304292709,,0.016245551096508572,,0.0031204017852075744,,0.05586055661383598,,0.0031147877655156356,,0.055810283689617955,,0.014008660345770753,,0.16531288503926755,,0.007161134058024407,,0.0,,0.0,,0.0,,0.0,,0.0,,0.0,,0.0,,0.0,,0.0,,300.0,
"[50, 50]",50_50,clean,0.0,0.0,NN_projection,0.0022471290259938165,,0.04740389251943153,,0.00015679235838646986,,0.012521675542293446,,0.0015728374645871015,,0.03965901492204643,,0.0011260668705599035,,0.03355691986103468,,2.4060778818364445e-06,,1.8221336777512943e-09,,0.009593664823795612,,0.0,,0.0,,0.0,,0.0,,0.0,,0.0,,0.0,,0.0,,0.0,,300.0,
